name;nit;name
Meembee;1002852648;Yalonda Ditts
Trudoo;1002852649;Jedediah Sharp
Kwideo;1002852650;Faustina Giorgini
Kamba;1002852651;Reinold Perigoe
Oyoyo;1002852652;Georgiana Zaniolini
Pixonyx;1002852653;Carmelina Bainbridge
Divavu;1002852654;Alika Blackey
Dynava;1002852655;Sallyann Scandred
Flashpoint;1002852656;Delcine Tate
Divavu;1002852657;Tessie Syder
Zava;1002852658;Nolana McKyrrelly
Rhynyx;1002852659;Mitchell Clurow
Feedfish;1002852660;Rorie Delea
Eabox;1002852661;Archibald Garman
Kwimbee;1002852662;Whitby Novis
Zava;1002852663;Paxon Sowrah
Twitterworks;1002852664;Mariann Spriggs
Flashdog;1002852665;Darnall Crichley
Dabfeed;1002852666;Jacinta Defty
Photospace;1002852667;Cristabel Vescovini
Voonder;1002852668;Cletus Mill
Edgewire;1002852669;Charyl Swalwell
Flashdog;1002852670;Hillel Whisby
Gabtune;1002852671;Genovera Durtnall
Fiveclub;1002852672;Vernice Maslin
Mybuzz;1002852673;Cobb Bessell
Browsecat;1002852674;Zachariah Ramshaw
Skivee;1002852675;Ardeen Ivoshin
Gabtype;1002852676;Hugibert Winyard
Digitube;1002852677;Aleece Snoxall
Rhynyx;1002852678;Kirsti Hew
Browsebug;1002852679;Jeanelle Millhouse
Camido;1002852680;De witt Forsdike
Yakijo;1002852681;Cori Teather
Zoomcast;1002852682;Yvonne Thirsk
Janyx;1002852683;Sylas McCreary
Ainyx;1002852684;Shandie Lantaph
Yacero;1002852685;Kristopher MacGoun
Fivebridge;1002852686;Maddie Northedge
Yabox;1002852687;Rick Higounet
Lazzy;1002852688;Wye Ledley
Quimba;1002852689;Madelaine Bottini
Yata;1002852690;Roanne Gleader
Livepath;1002852691;Rivkah Petris
Aivee;1002852692;Addie Dufall
Roomm;1002852693;Gena Alster
Leexo;1002852694;Philbert Chettoe
Innojam;1002852695;Craig Pollett
Edgewire;1002852696;Hannah Blood
Katz;1002852697;Lenka Coupar
Tavu;1002852698;Giorgio Muzzillo
Thoughtsphere;1002852699;Hali Wapplington
Topiczoom;1002852700;Chicky Probbing
Flashpoint;1002852701;Locke Bispham
Yoveo;1002852702;Flem Sagar
Flashdog;1002852703;Terrijo Flinders
Realpoint;1002852704;Liv Jenks
Meedoo;1002852705;Hilton Clerc
Realcube;1002852706;Amie Giacubo
Voolith;1002852707;Lucila Jefferd
Einti;1002852708;Zora Czaja
Flashpoint;1002852709;Francyne Exley
Pixonyx;1002852710;Elton MacColm
Flashset;1002852711;Nikki Baildon
Zoombeat;1002852712;Helga Naisbit
Dabfeed;1002852713;Valina Baldin
Realfire;1002852714;Farleigh Longworthy
Chatterpoint;1002852715;Rodger Maken
Browsetype;1002852716;Bobbye Bruff
Devcast;1002852717;Sallyanne Heffer
Eamia;1002852718;Barbabra Petyanin
Pixoboo;1002852719;Lynnett Sleicht
Plambee;1002852720;Anjela Gouda
Demivee;1002852721;Sascha Cumesky
Voonder;1002852722;Denver Gages
Wordify;1002852723;Sarena Cowndley
Thoughtstorm;1002852724;Barri Durston
Thoughtblab;1002852725;Noelle Walding
Gabspot;1002852726;Emili Lewty
Camimbo;1002852727;Imogene Carnilian
Flashpoint;1002852728;Kirstyn Seignior
Skyba;1002852729;Masha Anderson
Yoveo;1002852730;Nikki Selborne
Mydo;1002852731;Avrit Arsnell
Oba;1002852732;Jessy Rozier
Skipstorm;1002852733;Gaelan De Biaggi
Meeveo;1002852734;Kerk Roelofsen
Zoovu;1002852735;Teena Knuckles
Oloo;1002852736;Rianon Thomasen
Roodel;1002852737;Randell Garnsey
Flashdog;1002852738;Petronille Desson
Layo;1002852739;John Tutton
Feedspan;1002852740;Darryl McCoy
Jetwire;1002852741;Cecilio Colclough
Mynte;1002852742;Saundra Cargenven
Zoonoodle;1002852743;Faye Thurborn
Quinu;1002852744;Cull Costin
Realcube;1002852745;Sheeree Sauniere
Centizu;1002852746;Jemie Mar
Realmix;1002852747;Fritz Padbury
Pixonyx;1002852748;Ricardo Issacof
Thoughtblab;1002852749;Ollie Enticknap
Kamba;1002852750;Brita Brownscombe
Camido;1002852751;Sallie Heinschke
Photospace;1002852752;Courtenay Marvell
Youtags;1002852753;Thatch Holbarrow
Ainyx;1002852754;Cynthy Walkowski
Rhyloo;1002852755;Markos Di Lucia
Photobug;1002852756;Beale Barkas
Meezzy;1002852757;Tammy Clowsley
Brainsphere;1002852758;Ruthie Ivanets
Photolist;1002852759;Lane Cade
Rhyloo;1002852760;Coraline Petkovic
Leexo;1002852761;Heddie Shoute
Linktype;1002852762;Nadean Flippini
Browsezoom;1002852763;Richardo Strickett
Quamba;1002852764;Lynsey Kayley
Reallinks;1002852765;Dal Annakin
Agimba;1002852766;Lani Olyff
Eidel;1002852767;Kathi Hanse
Zoomcast;1002852768;Wynn Boome
Snaptags;1002852769;Costanza Dimanche
Aimbo;1002852770;Legra Simmins
Topicblab;1002852771;Kimmy Brunke
Bluejam;1002852772;Berkley Finlason
Dynabox;1002852773;Clarance Cansdall
Lazzy;1002852774;Stefanie Bragg
Meembee;1002852775;Filide Lumsdall
Ooba;1002852776;Barbi Enterle
Zoombeat;1002852777;Lanie Rown
Tagcat;1002852778;Marrilee Durnin
Edgewire;1002852779;Findlay Sille
Twitterlist;1002852780;Lydon Lund
Avavee;1002852781;Bevon McGaughay
LiveZ;1002852782;Arnoldo McPhillimey
Kaymbo;1002852783;Junia Gurley
Jabbersphere;1002852784;Aeriela Stutt
Mymm;1002852785;Birk Andrzej
Ainyx;1002852786;Hattie Bean
Youbridge;1002852787;Concettina Hoggin
Twitterworks;1002852788;Gannie Westrope
Skimia;1002852789;Jarib Millis
Photospace;1002852790;Aldwin Hawick
Rhyloo;1002852791;Albie Lisciardelli
Devify;1002852792;Helenka Zecchi
Tagpad;1002852793;Artemas Merck
Skivee;1002852794;Gregorio Moscone
Mita;1002852795;Darice Plumer
Vinder;1002852796;Rubi Truder
Dazzlesphere;1002852797;Kent Cratchley
Quire;1002852798;Marketa Gaze
Gigabox;1002852799;Donelle Rupprecht
Wordware;1002852800;Bonnibelle Collinson
Rhyloo;1002852801;Kali Weymouth
Jayo;1002852802;Filbert Beadles
Skalith;1002852803;Mendel Mulder
Dynabox;1002852804;Truda Kearford
Jabbersphere;1002852805;Kennith Wallas
Yacero;1002852806;Anjela Beedham
Blogspan;1002852807;Janina Medmore
Skaboo;1002852808;Wendie Loidl
Roombo;1002852809;Freddy Jenk
Kazio;1002852810;Vivian Lepoidevin
Realfire;1002852811;Katalin Lennie
Skyvu;1002852812;Dyanne Twist
Meedoo;1002852813;Dacey Gusticke
Omba;1002852814;Sammy Spalding
Yakijo;1002852815;Roslyn Findlater
Jaloo;1002852816;Felisha Letteresse
Brainsphere;1002852817;Babette Armand
Meezzy;1002852818;Hendrik Gawkroge
Youfeed;1002852819;Sara-ann Baruch
Plambee;1002852820;Charil Pollok
Rhyzio;1002852821;Trenton Donner
Flipstorm;1002852822;Bret McGirl
Skiptube;1002852823;Adriena Coppenhall
Eabox;1002852824;Hope Rubbens
Kaymbo;1002852825;Dalenna Lawly
Meevee;1002852826;Merill Course
Zoonder;1002852827;Justis Hundley
Rooxo;1002852828;Michal Kremer
Meeveo;1002852829;Eliot Silkstone
Realblab;1002852830;Domini Well
Realpoint;1002852831;Lotty Krahl
Twimbo;1002852832;Micheline Halwell
Mita;1002852833;Sofie Pimblotte
Skiptube;1002852834;Gianina Hanselmann
Fivespan;1002852835;Luise Fazzioli
Buzzdog;1002852836;Arin Hobbert
Ntag;1002852837;Theresa Hadny
Camido;1002852838;Myrwyn McNair
Skidoo;1002852839;Juditha Dall
Yakitri;1002852840;Atalanta Robiou
Oozz;1002852841;Rodge Critoph
Demivee;1002852842;Doroteya Shadwick
Skimia;1002852843;Chrissie Kither
Yamia;1002852844;Torrey Plumridege
Kamba;1002852845;Maddy Willavoys
LiveZ;1002852846;Munmro Canny
Innojam;1002852847;Viole Rickets
Meemm;1002852848;Jammie Headrick
Thoughtstorm;1002852849;Gretel Nealey
DabZ;1002852850;Iggy McGawn
Dablist;1002852851;Samuele Storrier
Kayveo;1002852852;Doll Schrei
Omba;1002852853;Briny Filippello
Blogtag;1002852854;Ashleigh Waleworke
Gabvine;1002852855;Marietta Wooding
Babblestorm;1002852856;Bev Rubinovitch
Shuffletag;1002852857;Carlye Donegan
Yakijo;1002852858;Davie Connop
Yodo;1002852859;Elle Sambrok
Quimm;1002852860;Madelle Middlemass
Bluezoom;1002852861;Pattie Featenby
Divanoodle;1002852862;Talyah Payn
Quimba;1002852863;Tucker Liebrecht
Shuffledrive;1002852864;Nathalia Mottershaw
Shuffletag;1002852865;Gram Skelhorne
Tagpad;1002852866;Levey Gianasi
Jabbersphere;1002852867;Gayle Tallant
Edgetag;1002852868;Jeddy Ammer
Shuffledrive;1002852869;Had Conroy
Talane;1002852870;Juan Naton
Photobug;1002852871;Wynn Raimbauld
Edgepulse;1002852872;Karisa Perks
JumpXS;1002852873;Lorettalorna Bader
Rhyloo;1002852874;Ralph Gergher
Livetube;1002852875;Konstantin Tomaello
Kazu;1002852876;Turner Shortland
Shuffledrive;1002852877;Aldon Klais
Rooxo;1002852878;Sharon Eck
Zoombox;1002852879;Pearline Caroli
Twitterlist;1002852880;Aurlie Hollingsbee
Ozu;1002852881;Stanfield Petrik
Fivebridge;1002852882;Truman Rewbottom
Quatz;1002852883;Cosme Payfoot
Mybuzz;1002852884;Kristal Gow
Topicstorm;1002852885;Deidre Canet
Yodo;1002852886;Clifford Swatten
Latz;1002852887;Abbot Corcoran
Meedoo;1002852888;Theodosia Bontein
Jabberstorm;1002852889;Zabrina Friedenbach
Flashspan;1002852890;Hogan Kubacki
Jabberbean;1002852891;Robby Dooman
Trilith;1002852892;Francesca Bemment
Gigaclub;1002852893;Bogart Binder
Photolist;1002852894;Yetty Bozworth
Brainlounge;1002852895;Jenni Ferronel
Rhycero;1002852896;Cart Hacon
Roodel;1002852897;Ashia Bennoe
Oyoloo;1002852898;Ajay Kolushev
Kare;1002852899;Monica Trosdall
Pixope;1002852900;Marlow Landrick
Latz;1002852901;Doretta Fulford
Tazzy;1002852902;Tuesday Bernadot
Wordtune;1002852903;Lannie Greschke
Chatterbridge;1002852904;Vaclav Cristoferi
Oodoo;1002852905;Nesta McPeeters
Skalith;1002852906;Witty McMurrugh
Tagcat;1002852907;Justino Follett
Vitz;1002852908;Amalie Camock
Trilia;1002852909;Dacie Muffin
Feedmix;1002852910;Elbertine Monger
Realbridge;1002852911;Fenelia Venneur
Edgeblab;1002852912;Christy Giacomelli
Thoughtmix;1002852913;Perla Lukianovich
Trudeo;1002852914;Garret Cutbush
Edgewire;1002852915;Violetta Babb
Skyba;1002852916;Fleur Heighton
Wikizz;1002852917;Thoma Boyde
Dabtype;1002852918;Dulcea Ronci
Meejo;1002852919;Bartie Fritz
Youspan;1002852920;Sonia Poone
Avamm;1002852921;Odette Lathy
Babbleset;1002852922;Gretna Josland
Feedfire;1002852923;Josias Ruscoe
Topicstorm;1002852924;Tatum Ralestone
Reallinks;1002852925;Valma Mattingley
Avamm;1002852926;Tabina Cawood
Zooveo;1002852927;Dom Briggdale
Camimbo;1002852928;Kipp Drohane
Wikivu;1002852929;Vilma McGlade
Jabbersphere;1002852930;Pennie O'Shiels
Ntags;1002852931;Jerrine Idill
Oyope;1002852932;Wrennie Crombie
Wikizz;1002852933;Stepha Derle
Nlounge;1002852934;Ozzie Nussgen
Flipopia;1002852935;Amos Elsay
Snaptags;1002852936;Briggs Burkman
Browsezoom;1002852937;Dudley Paynter
Zoonoodle;1002852938;Giselle McClean
Realcube;1002852939;Pierette Garratty
Rhycero;1002852940;Dorolisa Tolson
Agivu;1002852941;Cherlyn Rablen
Tagpad;1002852942;Constance Warren
LiveZ;1002852943;Tessa O'Cullen
Skinix;1002852944;Dominga Hardi
Twitterworks;1002852945;Ray Searston
Yodo;1002852946;Marchelle Emmines
Fadeo;1002852947;Anallese Kingzeth
Camido;1002852948;Dawn Gontier
Oyoloo;1002852949;Clarissa Densell
Gabvine;1002852950;Cathrine Escala
Edgetag;1002852951;Tabor Gidney
Digitube;1002852952;Olenolin Pennycuick
Voonyx;1002852953;Asa Dudbridge
Yabox;1002852954;Georgetta Halliberton
Twitternation;1002852955;Cassie Andrzejczak
Flipopia;1002852956;Cece Bocock
Divavu;1002852957;Liza Evitt
Realpoint;1002852958;Emmaline Goldine
Tagtune;1002852959;Emerson Sudlow
Thoughtstorm;1002852960;Larina Dobing
Midel;1002852961;Moe Syseland
Skidoo;1002852962;Marice Gogay
Gigaclub;1002852963;Betteanne Miettinen
Quamba;1002852964;Justin Lemmertz
Npath;1002852965;Garvy Grafton
Camido;1002852966;Goldie Trimmell
Trilia;1002852967;Lydia Osman
Livepath;1002852968;Damon Huygen
Wikizz;1002852969;Fletch Comrie
Kanoodle;1002852970;Maurise Chartres
Skyvu;1002852971;Lorelei Tevelov
Kanoodle;1002852972;Tommi Edghinn
Gevee;1002852973;Gus Earsman
Eare;1002852974;Goran McMurray
Buzzdog;1002852975;Lira Santus
Linkbuzz;1002852976;Andi Sahlstrom
Yodel;1002852977;Sadye Plait
Talane;1002852978;Lacy Magovern
Pixope;1002852979;Hester Cornwall
Skiptube;1002852980;Kingsly Mewis
Brainverse;1002852981;Norina Braferton
Jazzy;1002852982;Codee Kernes
Gabtune;1002852983;Andriana Gomez
Dynazzy;1002852984;Rickard Shay
Buzzbean;1002852985;Mable Fassbender
Thoughtblab;1002852986;Orion Busfield
Skidoo;1002852987;Dinnie Filippo
Aibox;1002852988;Erin Biggar
Jazzy;1002852989;Gillian Broadbear
Photolist;1002852990;Seline Spinks
Abatz;1002852991;Rubie Eymor
Flashspan;1002852992;Astrix Hapgood
Vidoo;1002852993;Natalina Beacock
Yoveo;1002852994;Emmalynne Spurrett
Wordpedia;1002852995;Hillyer Warlawe
Wikido;1002852996;Robenia Forst
Kayveo;1002852997;Gregorius Miskelly
Twimbo;1002852998;Kendal Farlamb
Feedfire;1002852999;Finn Wiltsher
Camido;1002853000;Sabra Allix
Browsedrive;1002853001;Stormie Witcher
Jaxspan;1002853002;Darrell Munnion
Brightbean;1002853003;Marian Hamshere
Demizz;1002853004;Yetta Milligan
Flashset;1002853005;Sayers Treverton
Tagopia;1002853006;Herold Leaburn
Minyx;1002853007;Angelia Bodycombe
Abatz;1002853008;Bartel Sturgess
Trilith;1002853009;Colman Barltrop
Eire;1002853010;Meryl Brend
Blogtags;1002853011;Melodie Giannini
Bluejam;1002853012;Wolf Bardwall
Thoughtblab;1002853013;Noe De Stoop
Quatz;1002853014;Gar McEnteggart
Fivebridge;1002853015;Bettye Carlens
Jetpulse;1002853016;Broderick Heaton
Plajo;1002853017;Esmaria Crowcroft
Twitternation;1002853018;Annissa Branthwaite
Photolist;1002853019;Richy Thews
Centimia;1002853020;Otha Limpkin
Avavee;1002853021;Sunny Faire
Wikizz;1002853022;Giordano Launder
Twitterworks;1002853023;Red McCritichie
Realbuzz;1002853024;Dyana Boorn
Aibox;1002853025;Marve Kingstne
Riffwire;1002853026;Shayne Gonnard
Centidel;1002853027;Frederique Jiggen
Pixonyx;1002853028;Eimile Lardiner
Zooveo;1002853029;Elana Fraczek
Zoombeat;1002853030;Robin Nannizzi
Quinu;1002853031;Pavla Crome
Dynabox;1002853032;Lion Cristofalo
Skinix;1002853033;Eben Nobes
Bubblemix;1002853034;Mattias Bargery
Roodel;1002853035;Ag Shirer
Livefish;1002853036;Tonnie Yurtsev
Thoughtbridge;1002853037;Jameson Sidebotham
Zoonder;1002853038;Ardeen Pressman
Aimbu;1002853039;Fancie Aylesbury
Blogtag;1002853040;Ambros Flescher
Linklinks;1002853041;Phillis Trimble
Jabbercube;1002853042;Even Rantoull
Kamba;1002853043;Yasmin Gartery
Jayo;1002853044;Gwyn Govan
Twitterbeat;1002853045;Daryle Gayther
Divape;1002853046;Arni Casaccia
Viva;1002853047;Beverly Langhor
Trudeo;1002853048;Tracie Minster
Oba;1002853049;Andres Campos
Roombo;1002853050;Roz O'Giany
Yamia;1002853051;Kathye Brager
Twimm;1002853052;Timmy Clyma
Voonte;1002853053;Ernesta Rubinovitsch
Avamm;1002853054;Gae Ivanikhin
Voomm;1002853055;Shena Beran
Topdrive;1002853056;Terrijo Dregan
Tambee;1002853057;Berky Venditto
Nlounge;1002853058;Clevie Krystek
Zoonder;1002853059;Shaina Berntsson
Topdrive;1002853060;Layla Hargate
Bubblemix;1002853061;Inna Baber
Quinu;1002853062;Sully Jarrold
Yadel;1002853063;Janek Matokhnin
Yotz;1002853064;Tiphani Kadar
Brainlounge;1002853065;Britteny Reedman
Yamia;1002853066;Vale Mechem
Browseblab;1002853067;Donielle Mainson
Wikibox;1002853068;Helena Meatyard
Plajo;1002853069;Klarika Lattos
Twiyo;1002853070;Cazzie Joint
Yombu;1002853071;Selle Cains
Agimba;1002853072;Yetty Akram
Rooxo;1002853073;Stavros Stonehouse
Pixoboo;1002853074;Kaleb Sellstrom
Centimia;1002853075;Davina Juliff
Dabfeed;1002853076;Rebecka Alsobrook
Tagfeed;1002853077;Audrye Sagg
Buzzshare;1002853078;Edward Peotz
Zooveo;1002853079;Pietro Alenichev
Tavu;1002853080;Perrine Sutlieff
Katz;1002853081;Andrea Staterfield
Mydeo;1002853082;Diann Lafay
Topicstorm;1002853083;Cicely Cristea
Yacero;1002853084;Danie Baseley
Livefish;1002853085;Carmelita Leatherland
Topicstorm;1002853086;Karrie Hardacre
Fadeo;1002853087;Andee Connell
Topiczoom;1002853088;Bastien Bramford
Dablist;1002853089;Corty Burchell
Gabcube;1002853090;Xymenes Oliva
Nlounge;1002853091;Virge Blaymires
Zoombeat;1002853092;Clare Balcock
Kaymbo;1002853093;Mimi Camin
Ainyx;1002853094;Scot Wennam
Blogtag;1002853095;Curt Labro
Quatz;1002853096;Della Skyner
Flashset;1002853097;Bobine Croix
Mycat;1002853098;Star Matuszyk
Tavu;1002853099;Pauletta Stoven
Dabfeed;1002853100;Shelley Lindelof
Muxo;1002853101;Rodina Cantero
Realmix;1002853102;Sven Benzies
Einti;1002853103;Phil Gladwish
Blognation;1002853104;Marcia Catherick
Twitterlist;1002853105;Cleveland Croome
Demivee;1002853106;Rebe Grima
Devcast;1002853107;Truman Sherbourne
Abatz;1002853108;Evangelina Giriardelli
Yamia;1002853109;Errick Pursey
Layo;1002853110;Kyle Le Hucquet
Quimm;1002853111;Veronica Kubicki
BlogXS;1002853112;Hamil Giles
Twinte;1002853113;Wilhelmina Peperell
Cogidoo;1002853114;Gabriella Seaward
Tekfly;1002853115;Jena Mullan
Riffpedia;1002853116;Merrilee Penhearow
Eadel;1002853117;Maximo Ivankin
Buzzdog;1002853118;Brendan Kobisch
Kimia;1002853119;Marco Conwell
Thoughtblab;1002853120;Vivianna Charlick
Jabbercube;1002853121;Jud Yelyashev
Realmix;1002853122;Laural Batsford
Flipopia;1002853123;Willie Huxstep
Edgewire;1002853124;Osborn Rispin
Youbridge;1002853125;Janaye Scriven
Chatterbridge;1002853126;Corney Bernardo
Oodoo;1002853127;Lorraine De Castri
Dabvine;1002853128;Kleon Parlor
Linkbuzz;1002853129;Tull Trout
Oyope;1002853130;Austen Gayter
Voolia;1002853131;Saidee Hazeldene
Babbleblab;1002853132;Heath Thorouggood
Latz;1002853133;Lila Angless
Photobean;1002853134;Marys Hoodlass
Agivu;1002853135;Pascale Saddleton
Meembee;1002853136;Cam Tomaszewski
Divavu;1002853137;Sabina Quarlis
Edgepulse;1002853138;Gretal Garnham
Flipopia;1002853139;Nowell Workes
Brainverse;1002853140;Joycelin Rubinov
Dynabox;1002853141;Wileen McLanaghan
Thoughtstorm;1002853142;Karl Sivess
Eamia;1002853143;Stacy Lindeberg
Devbug;1002853144;Lazarus Kimmons
Mynte;1002853145;Sharla Brew
Mydo;1002853146;Allys Lerohan
Tagcat;1002853147;Elton Abbe
Reallinks;1002853148;Anny Scryne
Rooxo;1002853149;Gertrud Howford
Cogilith;1002853150;Jereme Khotler
Minyx;1002853151;Zebedee Bontein
Mydeo;1002853152;Menard Gordon
Aivee;1002853153;Jaimie Friskey
Topicblab;1002853154;Glendon Thomsson
Yata;1002853155;Sollie MacAne
Skipfire;1002853156;Rubina Penticost
Skynoodle;1002853157;Jeana Easterling
Photolist;1002853158;Gabbi Zorzoni
Buzzster;1002853159;Emmalynne Gergus
Skiba;1002853160;Kevin Derricoat
Trupe;1002853161;Binnie Tudgay
Fanoodle;1002853162;Cordie Juckes
Digitube;1002853163;Quintin Algar
Dynabox;1002853164;Benedikt McIlhatton
Thoughtsphere;1002853165;Beauregard Marrington
Plambee;1002853166;Kyle Rives
Linklinks;1002853167;Bealle Edowes
Jetwire;1002853168;Samuele Killough
Quinu;1002853169;Stanly Szimoni
Npath;1002853170;Deck Jellico
Zooxo;1002853171;Ewan Gerb
Minyx;1002853172;Sonnie Duck
Blogspan;1002853173;Julianna Nelissen
Skipstorm;1002853174;Hi Westlake
Meembee;1002853175;Sampson Allward
Eare;1002853176;Cirstoforo Jelf
Flipopia;1002853177;Cilka Aldersea
Tagcat;1002853178;Sibilla Meineking
Jabbersphere;1002853179;Megan Drohane
Linktype;1002853180;Davita Buss
Agimba;1002853181;Haleigh Lindenbaum
Oba;1002853182;Bernie Morrid
Blogspan;1002853183;Thoma Sandifer
Oyondu;1002853184;Quintin Manders
Eayo;1002853185;Orv Minichillo
Thoughtmix;1002853186;Michel Shakesby
Flashset;1002853187;Dulcine Fairpool
Yombu;1002853188;Nefen Leak
Aibox;1002853189;Shawn Twydell
Pixoboo;1002853190;Laurens Iashvili
Flashdog;1002853191;Jodie Crews
Gabtype;1002853192;Bertie Freddi
Izio;1002853193;Valentijn Zarfat
Feedspan;1002853194;Hally Slimmon
Twitterlist;1002853195;Lurlene Banasevich
Skalith;1002853196;Annelise Caberas
Youfeed;1002853197;Evelyn Harefoot
InnoZ;1002853198;Nadiya Pettegre
Gabcube;1002853199;Bobbe Draysey
Jabbercube;1002853200;Claude Marchbank
Meemm;1002853201;Agosto Rayhill
Twitterbridge;1002853202;Sandra Ciardo
Skiba;1002853203;Dominik Sheryne
Meevee;1002853204;Kimberley Randell
Blogtags;1002853205;Herb Muttitt
Blogspan;1002853206;Vikky Maywood
Rhynyx;1002853207;Lemuel Neicho
Skinder;1002853208;Atlanta Ingham
Shufflester;1002853209;Francesca Lansley
Topiczoom;1002853210;Arel Gooda
Chatterbridge;1002853211;Flory Brockley
Dabvine;1002853212;Paloma Kighly
Skibox;1002853213;Tedd Adcock
Zoomcast;1002853214;Dacie Warbys
Twinte;1002853215;Eldin Scurr
Vinder;1002853216;Doll Kineton
Minyx;1002853217;Rodge Lough
Jatri;1002853218;Mendy Latour
Pixonyx;1002853219;Demott Keme
Edgetag;1002853220;Bill Erbe
Kwilith;1002853221;Loydie McMeeking
Photobug;1002853222;Barty Marsh
Blogspan;1002853223;Garvey Malt
Photospace;1002853224;Nina Tatem
Kwideo;1002853225;Bunnie Bevens
Trupe;1002853226;Sarita O'Brogan
Mydo;1002853227;Yolande Blanche
Yakitri;1002853228;Erv Massimo
Skyvu;1002853229;Regan Euler
Skimia;1002853230;Neel Tierny
Tagchat;1002853231;Reuven Suggett
Skynoodle;1002853232;Wendel Edwardes
Kayveo;1002853233;Belinda Seville
Tagchat;1002853234;Aveline Olivas
Tagcat;1002853235;Jen Rosen
Thoughtstorm;1002853236;Sher Rubertelli
Edgepulse;1002853237;Anna-maria Whistan
Meembee;1002853238;Issiah Nern
Shufflebeat;1002853239;Eddy de Vaen
Kanoodle;1002853240;Felicle Jeannequin
Trilith;1002853241;Noe MacCumiskey
Tazzy;1002853242;Alanson Pellitt
Buzzster;1002853243;Terence Najera
Photojam;1002853244;Cosette Leask
Jabbersphere;1002853245;Nicole Stroyan
Riffpath;1002853246;Randal Ninnotti
Blogtags;1002853247;Giselle Sedwick
Minyx;1002853248;Darcy Ceney
Twitterbeat;1002853249;Leonanie Toffler
Skipfire;1002853250;Gaspard Abramow
Voonix;1002853251;Corenda Mewrcik
Edgeclub;1002853252;Bobbye Farlam
Meezzy;1002853253;Martyn Otham
Vidoo;1002853254;Jaime Pashba
Wordify;1002853255;Astrid Galey
Skimia;1002853256;Mendel Skryne
Riffwire;1002853257;Kev Mattei
Meejo;1002853258;Bonnie Iuorio
Edgewire;1002853259;Reggis Dominey
Flashpoint;1002853260;Red Sherrin
Realbridge;1002853261;Nedda Schellig
Plambee;1002853262;Major MacRury
Zooveo;1002853263;Clevie Millsap
Brightbean;1002853264;Gothart Andrzej
Dabfeed;1002853265;Jermaine Shapira
Tagtune;1002853266;Cecil Koeppe
Eayo;1002853267;Alana Cartan
Livetube;1002853268;Shirlee Oldland
Fanoodle;1002853269;Sergei Cannaway
Trilith;1002853270;Chrisse Turfes
Twitterworks;1002853271;Huey McNuff
Jaxbean;1002853272;Tilda Cromer
Roomm;1002853273;Birdie Scamerdine
Avamba;1002853274;Torrey Minchella
Topicblab;1002853275;Karlene Mabbott
Abata;1002853276;Tedie Gladyer
Topicware;1002853277;Colver Eason
Divavu;1002853278;Sydney Lafranconi
Skivee;1002853279;Camel Defont
Shuffletag;1002853280;Andris Hatt
Zoonder;1002853281;Gena Dunlea
Babbleblab;1002853282;Waldemar Kayser
Devbug;1002853283;Say Eliassen
Mita;1002853284;Enrica Chittie
Babblestorm;1002853285;Jerrold Cecely
Browsetype;1002853286;Camel Timbridge
Realbridge;1002853287;Licha Lorie
Trunyx;1002853288;Gilly Morphey
Realmix;1002853289;Darryl Twelvetrees
Shuffletag;1002853290;Yardley Dudding
Yakitri;1002853291;Blanca Speeks
Bluezoom;1002853292;Shawn Gasticke
Tagopia;1002853293;Conrade Mollnar
Wordify;1002853294;Terrell Brough
Zoomdog;1002853295;Cordy Morrieson
Yacero;1002853296;Jerrilyn Del Castello
Rhyzio;1002853297;Clerc Dalzell
Innotype;1002853298;Velvet Brach
Mynte;1002853299;Eada Moir
BlogXS;1002853300;Paquito Ranyelld
Zoombox;1002853301;Edik Pash
Dynazzy;1002853302;Meryl Wortt
Demimbu;1002853303;Dedie Yorston
Twinder;1002853304;Samantha Crapper
Oozz;1002853305;Helaina Bye
Meezzy;1002853306;Odelinda Tuttiett
Skipfire;1002853307;Pepe Whoolehan
Gabspot;1002853308;Wynnie Barbera
Topicblab;1002853309;Mellie Daynter
Devpulse;1002853310;Rosemonde Screwton
Trilith;1002853311;Didi Dine-Hart
Flashdog;1002853312;Sloan Wort
Fivespan;1002853313;Tabitha Hartop
Zoombeat;1002853314;Malena Coppard
Kaymbo;1002853315;Fran Canniffe
Twitterbridge;1002853316;Zabrina Candy
Oyoba;1002853317;Palm Godin
Chatterpoint;1002853318;Conney Garvill
Fanoodle;1002853319;Garvy Largan
Photobug;1002853320;Alysa Gurko
Wordify;1002853321;Adeline Redihalgh
Tagcat;1002853322;Bondy Vinall
Demimbu;1002853323;Zenia Mellhuish
Quaxo;1002853324;Barnaby Fechnie
Kimia;1002853325;Shelby Tilne
Eazzy;1002853326;Cristionna Wight
Wordware;1002853327;Sheff Duchatel
Tazzy;1002853328;Blancha Boxe
Babblestorm;1002853329;Dorie Sodory
Plambee;1002853330;Corry Whewill
Innojam;1002853331;Odessa Glyssanne
Edgeify;1002853332;Alaric Wise
Bluezoom;1002853333;Haywood Cheves
Yamia;1002853334;Biddy Rowlings
Browsedrive;1002853335;Garold Boulden
Blognation;1002853336;Bernadina Blanpein
Kwinu;1002853337;Kermit Boleyn
Oba;1002853338;Mella Aim
Yakitri;1002853339;Court Eastgate
Twinte;1002853340;Rusty Silveston
Agimba;1002853341;Vernen Pickthall
Abata;1002853342;Bronny Baggett
Feednation;1002853343;Erin Hucks
Edgepulse;1002853344;Conan Hews
Devpulse;1002853345;Clint Venn
Topicstorm;1002853346;Basil Bittleson
Yodoo;1002853347;Berton Meah
Kazu;1002853348;Ritchie Kardos
Aibox;1002853349;Roldan Petruska
Youtags;1002853350;Madlin Earsman
Realcube;1002853351;Griz Wilder
Brainbox;1002853352;Barde Gillimgham
Eimbee;1002853353;Rogerio Targett
Youopia;1002853354;Kipp Baddeley
Jaxspan;1002853355;Millicent FitzGibbon
Npath;1002853356;Bobbe Chadburn
Trupe;1002853357;Peggy Abramcik
Jamia;1002853358;Lennie Goldes
Feedmix;1002853359;Ermengarde McGrirl
Lazzy;1002853360;Trudi Artiss
Buzzdog;1002853361;Leann Di Giacomettino
Yakidoo;1002853362;Inness Cassin
DabZ;1002853363;Katusha Orteu
Minyx;1002853364;Bentlee Minchindon
Meevee;1002853365;Theresa Schaffel
Shufflester;1002853366;Jasmin Bowkett
Oyope;1002853367;Eleni Atlay
Dabtype;1002853368;Dar Goss
Cogibox;1002853369;Jarid Choules
Gigashots;1002853370;Malva Grigoli
Fivebridge;1002853371;Vic Josefson
Dablist;1002853372;Roselia Pooke
Vimbo;1002853373;Claudio Wederell
Linkbuzz;1002853374;Batholomew Crux
Tekfly;1002853375;Welsh Vasnev
Gevee;1002853376;Dick Peris
Realpoint;1002853377;Haley Wennington
Plajo;1002853378;Martita Ingle
Wikido;1002853379;Erna Clapston
Brightbean;1002853380;Gunilla Lindback
Twimm;1002853381;Shanon Iorizzi
Twiyo;1002853382;Pepe Da Costa
Oyonder;1002853383;Claudine Ashment
Feedbug;1002853384;Krystle Donwell
Minyx;1002853385;Aube McCluney
Meembee;1002853386;Bruno O'Grady
Izio;1002853387;Damaris Feore
Twinte;1002853388;Obadias Edscer
Blogspan;1002853389;Donny Goodlip
Brainverse;1002853390;Marla Fideler
Voonte;1002853391;Moina Beaty
Podcat;1002853392;Ranee MacPaik
Jetwire;1002853393;Culley Daenen
Quinu;1002853394;Letisha Wraxall
Edgewire;1002853395;Theda Grzelczak
Photolist;1002853396;Wilton Fearick
Skiba;1002853397;Giffard Restill
Wordware;1002853398;Moe Edgcombe
Wordpedia;1002853399;Tressa Birmingham
Skyble;1002853400;Sam Ellcock
Brightdog;1002853401;Donaugh Foggo
Voolith;1002853402;Claresta Doggett
Lajo;1002853403;Hale Marklow
Brightdog;1002853404;Reeva Woodwind
Buzzster;1002853405;Tarrah Durnell
Flashpoint;1002853406;Stephannie Toffanini
Oyoyo;1002853407;Casar Vogeller
Wikivu;1002853408;Ingar Meugens
Podcat;1002853409;Atlante Skillitt
Brightbean;1002853410;Violet Eustes
Yakijo;1002853411;Vivian Rotlauf
Oba;1002853412;Brewster MacAlpine
Feedbug;1002853413;Barris Seeler
Zoonoodle;1002853414;Marget Van Arsdall
Jaxspan;1002853415;Leonanie Pol
Flipbug;1002853416;Katee Bentson
Skyndu;1002853417;Tamarra Gligori
Tagchat;1002853418;Ashla Legion
Trupe;1002853419;Ferrell Wooderson
Zoozzy;1002853420;Carter Rubenczyk
Devshare;1002853421;Risa Dahmke
Kwilith;1002853422;Felipa Latch
Bluejam;1002853423;Cristal Graser
Jetwire;1002853424;Marsha Philippsohn
Leexo;1002853425;Faydra Gerge
Mudo;1002853426;Hobard Asple
Oloo;1002853427;Cara Tunnock
Twitterworks;1002853428;Jeanna Szymanowicz
Abata;1002853429;Fayette Petheridge
Oyoyo;1002853430;Hildy Bransgrove
Mybuzz;1002853431;Constanta Margrem
Flashset;1002853432;Meggie Kobel
Eabox;1002853433;Aurelia Braidwood
Dynabox;1002853434;Lian Maccaig
Innotype;1002853435;Rozamond Bendixen
Thoughtstorm;1002853436;Steffie Ambrosini
Tambee;1002853437;Devon O'Hannay
Vinte;1002853438;Blithe Cuseick
Avaveo;1002853439;Carry Fawlks
Skiba;1002853440;Dalli Maypole
Topicstorm;1002853441;Caril Chowne
Youspan;1002853442;Ken Brolly
Divape;1002853443;Mirna Leatt
Feedspan;1002853444;Dyan Sandland
Yozio;1002853445;Rene Dabernott
Demimbu;1002853446;Pietra Sutty
Vidoo;1002853447;Cosmo Bythway
Geba;1002853448;Cazzie Tregido
Yoveo;1002853449;Borden Killock
Mycat;1002853450;Fancy Bashford
Brainlounge;1002853451;Johnnie Axton
Chatterbridge;1002853452;Nobie Axten
Skilith;1002853453;Norry Braganza
Tagchat;1002853454;Guthrie Thebes
Livefish;1002853455;Ashby Roels
Zoombox;1002853456;Fernande Gudd
Realpoint;1002853457;Sandye Bullin
Yakidoo;1002853458;Tessy Standbrooke
Tavu;1002853459;Torie Quoit
Youopia;1002853460;Darbee Glozman
Brightbean;1002853461;Ciro Olman
Agimba;1002853462;Leshia Kersey
Ozu;1002853463;Merrick Charnley
Eamia;1002853464;Othella Domerque
Kayveo;1002853465;Locke Sidey
Flipopia;1002853466;Gwenette Sign
Yabox;1002853467;Hope Aldrich
Yambee;1002853468;Prentice Barefoot
Skipstorm;1002853469;Shea Yurevich
Linkbridge;1002853470;Rochell Berzen
Kwilith;1002853471;Nadine Finkle
Roodel;1002853472;Uri Lathwood
Reallinks;1002853473;Leanna Sentance
Oyondu;1002853474;Randie McChruiter
Dabjam;1002853475;Damaris Kleuer
Skimia;1002853476;Veronika Faithorn
Meezzy;1002853477;Jojo Domoni
Zava;1002853478;Abe Juster
Divavu;1002853479;Maximilian Kausche
Quaxo;1002853480;Koenraad Winterbotham
Dynava;1002853481;Roland Velde
Zoomzone;1002853482;Rosie Androlli
Blogtags;1002853483;Dolf Freshwater
Yoveo;1002853484;Doralyn Firman
Miboo;1002853485;Tory Segebrecht
Dabtype;1002853486;Abba Farress
Tambee;1002853487;Roslyn Coldtart
Oyondu;1002853488;Wini Izkovitch
Ntag;1002853489;Hugo Forster
Zoomzone;1002853490;Maxim Murrthum
Fadeo;1002853491;Thatch Alston
Kayveo;1002853492;Carree Lindenfeld
Flipopia;1002853493;Perrine Larn
Teklist;1002853494;Elsie Writer
Twinder;1002853495;Jarrid Cavee
Camimbo;1002853496;Karisa Yersin
Centimia;1002853497;Verne Cockley
Avavee;1002853498;Hunter Goodall
Quimba;1002853499;Morgan Echallie
Zoomlounge;1002853500;Fern Lossman
Wordtune;1002853501;Aubert Hale
Oozz;1002853502;Zedekiah Purshouse
Zoombox;1002853503;Lizzy Crossan
JumpXS;1002853504;Dasie MacGiffin
Yamia;1002853505;Lillis Derye-Barrett
Bubblemix;1002853506;Gregorio Jelley
Skippad;1002853507;Dyanne Mathet
Tekfly;1002853508;Randa Nisen
Abata;1002853509;Noami Penrith
Mudo;1002853510;Fleming Betchley
Meedoo;1002853511;Pandora Pemberton
Riffpath;1002853512;Seka Dinsey
Wordtune;1002853513;Holly Chaldecott
Twimbo;1002853514;Derron Ast
Yata;1002853515;Marina Lambdean
Katz;1002853516;Christy Trudgion
Skippad;1002853517;Cthrine Laraway
Leexo;1002853518;Barbara Duerdin
Roomm;1002853519;Matthaeus McGraith
Oyondu;1002853520;Donny Peebles
Photojam;1002853521;Isabeau Tolomelli
Edgewire;1002853522;Engracia Whye
Lajo;1002853523;Pennie Kleisle
Camido;1002853524;Gigi Brocklebank
Cogibox;1002853525;Garry McKern
Riffwire;1002853526;Darell Beynkn
Oyonder;1002853527;Duffie Cobson
Buzzster;1002853528;Gisela Nottle
Feedspan;1002853529;Nevile Mynett
Linkbuzz;1002853530;Zorah Pauncefort
Rhyzio;1002853531;Freemon Wagerfield
Brainlounge;1002853532;Mag Vain
Photobean;1002853533;Glynda Allworthy
Kaymbo;1002853534;Thornie Lympenie
Muxo;1002853535;Richie Duxfield
Brightbean;1002853536;Jenifer Renzullo
Realcube;1002853537;Marie-ann Astle
Cogidoo;1002853538;Griselda Straniero
Muxo;1002853539;Myranda Ribchester
Wikizz;1002853540;Ariel Gurnay
Jaxworks;1002853541;Deny Szymon
Linklinks;1002853542;Tammie Bebbell
Jabbercube;1002853543;Kain McPhilip
Kamba;1002853544;Lucais Ever
Vimbo;1002853545;Kelby Lucy
Fivespan;1002853546;Brigida Sarl
Zoonoodle;1002853547;Gradey Renzo
Npath;1002853548;Fawne Obern
Thoughtworks;1002853549;Fannie Wadforth
Gabcube;1002853550;Alvy Filyaev
Skipfire;1002853551;Jaime Piller
Meedoo;1002853552;Beaufort Grigoryov
Jabbertype;1002853553;Alyda Wapples
Dazzlesphere;1002853554;Pavia Folds
Edgeify;1002853555;Ronalda Kennon
Tekfly;1002853556;Rozanne Tothacot
Twimbo;1002853557;Vyky Geerits
Browsebug;1002853558;Samara McClymont
Skalith;1002853559;Mackenzie Northbridge
Quinu;1002853560;Therese Bartosik
Meetz;1002853561;Amory Schroder
Skipstorm;1002853562;Elora McKibbin
Gabvine;1002853563;Doria Harower
Zoombox;1002853564;Clerc Watterson
Kwimbee;1002853565;Meredithe McDowell
Flashdog;1002853566;Miriam Hillhouse
Fatz;1002853567;Jonas Zuanazzi
Shufflester;1002853568;Bobbi Ricson
Meedoo;1002853569;Phoebe Peetermann
Kwinu;1002853570;Euell Filson
Edgeblab;1002853571;Tammy Servante
Oyoloo;1002853572;Huntington Vedekhov
Photofeed;1002853573;Ellie Scopes
Trudeo;1002853574;Kimmi Basden
Gabcube;1002853575;Miner Cock
Skippad;1002853576;Celeste MacRinn
Zoomdog;1002853577;Lindsey Hubbucks
Linkbuzz;1002853578;Deanna Helmke
Buzzbean;1002853579;Danyette Isgar
Skyble;1002853580;Lucius Croney
Jabberbean;1002853581;Artemis Pelerin
Lazzy;1002853582;Jo Jacquemard
Topiclounge;1002853583;Aldin Tasch
Wikizz;1002853584;Katherina Tessington
Mybuzz;1002853585;Ruby Balasini
Topdrive;1002853586;Durward Leonarde
Topicstorm;1002853587;Wylma Hatherleigh
Quinu;1002853588;Licha Szimon
Twitterbeat;1002853589;Hebert Ragat
Topiclounge;1002853590;Jobey Form
Edgetag;1002853591;Hadleigh Bloxham
Dynazzy;1002853592;Zolly Tine
Eidel;1002853593;Byrle Gyver
Skyndu;1002853594;Symon Dudenie
Wikivu;1002853595;Christye McKune
Janyx;1002853596;Leo Bownass
Aibox;1002853597;Avrit Hillock
Meembee;1002853598;La verne Macer
Kazio;1002853599;Shina Hanny
Meedoo;1002853600;Derby Grigoryev
Zoonoodle;1002853601;Leena Musico
Zoovu;1002853602;Suzie Palliser
Livepath;1002853603;Sapphire Blakes
Geba;1002853604;Suellen Sobieski
Janyx;1002853605;Cal Trapp
Lazzy;1002853606;Nolie Votier
Oyope;1002853607;Michaelina Castlake
Mynte;1002853608;Curran Uppett
Camimbo;1002853609;Elianora Wallworke
Zoonder;1002853610;Gianina Brownlea
Flipstorm;1002853611;Sybila Diche
Browsezoom;1002853612;Odelia Morcomb
Linklinks;1002853613;Odie Gores
Bluejam;1002853614;Philippine Champken
Riffpedia;1002853615;Letisha Vicary
Agimba;1002853616;Sukey Dyneley
InnoZ;1002853617;Garald Bricklebank
Yodoo;1002853618;Roldan Trustie
Vinder;1002853619;Sissy Mallebone
Shuffledrive;1002853620;Seward Greenstreet
Topiclounge;1002853621;Tabor Gazey
Zoonder;1002853622;Kirbie Norledge
Twimbo;1002853623;Eduard Tunmore
Rhyloo;1002853624;Maura Gooda
Brainlounge;1002853625;Odey Portchmouth
Izio;1002853626;Zach Clayton
Talane;1002853627;Scarface Maddison
Twimbo;1002853628;Denis Every
Lazzy;1002853629;Julius Treacy
Kimia;1002853630;Desiree Straun
Yambee;1002853631;Wallis Marte
Topdrive;1002853632;Corette Hayer
Wikido;1002853633;Nappy Handrok
Buzzshare;1002853634;Karalynn Lackemann
Aimbu;1002853635;Robbie Dami
Fanoodle;1002853636;Kenneth Walsh
Avamm;1002853637;Verena Pickerin
Kanoodle;1002853638;Fredek Gerhold
Eare;1002853639;Emmalyn Parcall
Shufflester;1002853640;Marja Gatsby
Tazzy;1002853641;Earle Dumigan
Skidoo;1002853642;Anica Verdey
Topicshots;1002853643;Hansiain Peet
Fadeo;1002853644;Bee Bazely
Kare;1002853645;Pierre Blanckley
Dabfeed;1002853646;Rosamund Le Blond
Vimbo;1002853647;Koren Ingles
