first_name;last_name;type_id;id;phone;address
Fitzgerald;Swanson;TI;1601745992;15400746399;99599 Farmco Avenue
Brian;Murphy;CC;1601745369;79298853799;9953 Knutson Court
Julie;Burris;PP;1601745960;18206770699;99484 Milwaukee Circle
April;Holman;PP;1601745953;18756886999;99364 Maple Road
Xanthus;Pierce;CC;1601745772;35628763299;991 Di Loreto Lane
Rudyard;Lamb;PP;1601745346;81727782999;99048 Fallview Center
Deborah;Hancock;CC;1601745767;36213885599;99 Rutledge Parkway
Bernard;Delacruz;CE;1601745474;66681832899;99 Pankratz Terrace
Hanae;Morgan;CE;1601745383;77592020499;99 Melody Center
Kyle;Stevenson;TI;1601745773;35355853599;99 Mandrake Pass
Palmer;Calhoun;CC;1601745741;38656141199;989 Sachtjen Place
Ivana;Rosa;CC;1601745770;35732483799;988 Sauthoff Point
Jenette;Rivas;TI;1601745783;33872242199;98245 Northwestern Alley
Grant;Rush;TI;1601745697;44286337599;9818 2nd Park
Mohammad;Stevens;PP;1601745559;57906591299;98 Stang Alley
Upton;Pitts;TI;1601745847;28347853499;98 Spaight Point
Shelly;Oneal;PP;1601745716;42313978499;98 Mcguire Crossing
Jakeem;Herrera;CE;1601745996;14638092199;9793 Derek Street
Elvis;Combs;CE;1601745674;46506906699;9793 Briar Crest Parkway
Chester;Skinner;TI;1601745941;19657700499;979 Schurz Parkway
Darius;Dominguez;PP;1601745956;18609888399;97875 Schmedeman Parkway
Stephanie;Dixon;CE;1601745380;77721758299;9779 Westport Road
Zachery;Lowery;TI;1601745238;90894465099;9776 Lakeland Lane
Shelly;Luna;TI;1601745239;90841137599;97652 Prairieview Junction
Karyn;Griffith;CC;1601745602;53707216699;97614 Jenna Avenue
Aquila;Lott;CC;1601745671;46612537899;9702 Caliangt Park
May;Dean;CE;1601745843;28520669799;970 Sundown Parkway
Britanney;Robles;CC;1601745902;22760676899;97 Warbler Place
Martin;Lopez;PP;1601746091;4731833699;97 Lunder Center
Isabelle;Bauer;CC;1601745681;45943648699;97 Loeprich Place
Quinn;Duffy;TI;1601746003;14249818299;97 Helena Lane
Nolan;Elliott;TI;1601745867;26444408199;967 Elka Hill
Rylee;Washington;CE;1601745367;79338875599;9666 Bobwhite Park
Erin;Romero;CC;1601745892;23649737399;9651 Namekagon Point
Idola;Chandler;CC;1601745229;92276730599;9647 Dakota Terrace
Fallon;Norton;PP;1601745608;53527815899;963 Barnett Center
Adrian;Miles;CE;1601745926;20527206699;9623 Pierstorff Trail
Karyn;Gallagher;CC;1601745167;98397396099;960 Clemons Avenue
Marvin;Chase;CE;1601745250;90225126899;96 Trailsway Drive
Gay;May;CC;1601745755;36853118099;96 Johnson Pass
Conan;Garcia;TI;1601745279;87223285299;957 Victoria Avenue
Hollee;Lewis;CE;1601745900;23209988199;955 Blue Bill Park Trail
Charissa;Weber;CE;1601746051;9211292999;95352 Hanson Pass
Xaviera;Howe;TI;1601745893;23513954999;9514 Packers Road
Kieran;Burton;CC;1601745301;85454370499;95 Cody Pass
Adara;Farley;PP;1601745879;24861120499;9498 Browning Place
Armand;Tyler;CC;1601745160;99356604699;949 Twin Pines Way
Kaye;Carpenter;TI;1601745689;45206737899;949 Dunning Junction
Zane;Campos;CC;1601745402;76321095999;94880 Buhler Crossing
Tanek;Trevino;CC;1601745539;59581413699;9479 Talisman Alley
Lawrence;Mccarty;CE;1601745593;54686780399;94726 Hauk Pass
Maisie;Glenn;TI;1601745832;29629276399;944 7th Hill
Leila;Lara;TI;1601745668;46719948699;93510 Pleasure Crossing
Ima;Wall;PP;1601746085;5280866799;93496 Ilene Street
Abraham;Carney;CC;1601745204;94702883099;9301 Judy Point
Lysandra;Solomon;TI;1601746078;6460670999;9298 Graceland Drive
Bertha;Ortiz;PP;1601745952;18780891999;92973 Killdeer Way
Janna;Rocha;CE;1601746055;8594041299;92270 Village Park
Germaine;Hines;PP;1601745184;96738314699;9223 Oak Terrace
Vivian;Macias;TI;1601745798;32948531199;92145 Lotheville Circle
Orla;Jennings;TI;1601745626;51621197799;920 Melvin Circle
Myles;Guerrero;CE;1601745168;98333687599;91902 Warner Park
Kane;Mills;TI;1601745510;62787260599;917 Esch Parkway
Regina;Hale;CC;1601746113;3509192999;91 Elka Parkway
Dylan;Phillips;TI;1601745978;16433069399;91 Carpenter Parkway
Hedley;Blake;CC;1601745208;94376857599;91 Atwood Drive
Leroy;Ramirez;TI;1601745329;83335221199;9085 Dexter Place
Yoko;Guerra;CC;1601745656;48218887299;9078 Cardinal Parkway
Eagan;Kelley;CC;1601746140;1396092999;904 Mendota Park
Alfonso;Green;CE;1601746131;2273857499;90043 Butterfield Hill
Raja;Weiss;CE;1601745631;51273986699;90 Pankratz Court
Carly;Perez;CC;1601745391;76901383099;90 Coolidge Parkway
Dustin;Mckenzie;CE;1601745317;84342329099;9 Utah Circle
Chester;Frost;CC;1601745576;56307434299;9 Trailsway Junction
Rogan;Branch;CC;1601745929;20403746099;9 Service Parkway
Burton;Blanchard;TI;1601745180;97275209899;9 Pond Trail
Amos;Dillard;CC;1601745222;92706462699;9 Pierstorff Park
Graham;Rocha;CC;1601745287;86517441799;9 Oakridge Circle
Stephen;Oliver;TI;1601745178;97368302599;9 Nelson Center
Flynn;Sherman;CE;1601745468;67798510299;9 Manufacturers Place
Riley;Massey;CE;1601745896;23353530699;9 Lawn Hill
Dean;Britt;CC;1601746073;6998256299;9 Jenna Center
Sasha;Padilla;TI;1601745757;36810950099;9 International Lane
Maisie;Contreras;CC;1601746110;3589397099;9 Harper Trail
Kylee;Sanders;CC;1601745777;34659931799;9 Hallows Circle
Dylan;York;PP;1601745760;36659683499;9 Grayhawk Junction
Geraldine;Hays;PP;1601745290;85887152899;9 Goodland Point
Gisela;Serrano;CC;1601745351;81214732799;9 Crest Line Park
Camille;Snider;CE;1601745415;74246400399;9 Center Plaza
Jonah;Jordan;PP;1601745715;42355675099;9 Butterfield Lane
Austin;Mcdaniel;CC;1601745641;49764978399;9 Bellgrove Terrace
Brian;Leach;PP;1601745153;99839708299;897 Main Place
Devin;Browning;CC;1601745274;87694500199;8950 Arkansas Center
Angela;Orr;CE;1601745969;17361043299;89459 Tennyson Center
Lareina;Henry;TI;1601745441;71243245799;89012 Packers Drive
Ivor;Miles;CC;1601746028;12529664299;890 4th Circle
Bell;Atkinson;PP;1601746057;8537668599;89 Russell Crossing
Susan;Stark;CE;1601745401;76369622499;89 Hovde Crossing
Dennis;Cline;PP;1601745276;87517274999;89 Hoffman Circle
Cairo;Joyner;CC;1601746102;4304516499;8843 Moland Terrace
Sydney;Walters;CC;1601745473;66847738099;88208 Ridgeview Park
Michael;Delgado;CC;1601745307;84800026699;8809 Summit Court
Elvis;Hooper;CC;1601745528;60728253199;88 Mallory Junction
Rahim;Blanchard;CE;1601745379;77788123899;87475 Hooker Pass
Yuli;Cruz;CC;1601745839;28852173399;87 Spenser Drive
Brock;Cobb;CC;1601745319;84282612099;8698 Evergreen Alley
Olympia;Goodman;PP;1601745469;67757715699;869 Wayridge Avenue
Dalton;Mack;TI;1601745517;62303583299;867 Dixon Lane
Benjamin;Lindsay;TI;1601746060;8341382199;8664 Forster Park
Igor;Kane;PP;1601745354;80782118199;86599 Ramsey Park
Joel;Singleton;CC;1601745400;76422832899;86591 Shasta Place
Reese;Ruiz;CE;1601746137;1745431899;8644 Walton Parkway
Barrett;Bass;TI;1601745399;76515006899;8641 Park Meadow Plaza
Zephania;Cardenas;CE;1601745377;78406363099;864 Petterle Way
Demetrius;Moody;PP;1601745492;64374377099;8635 Porter Terrace
TaShya;Fuentes;CE;1601746115;3456765299;8633 Vera Lane
Alden;Reyes;PP;1601745429;72758823499;8625 Pleasure Parkway
Petra;Watson;CE;1601745381;77626450099;86074 Mockingbird Street
August;Bartlett;CE;1601745594;54658337199;860 Blue Bill Park Way
Christen;Tyson;CC;1601745884;24502451999;86 Packers Drive
Hakeem;Kemp;CC;1601745536;59779954299;86 Jackson Circle
Madaline;Mccormick;CE;1601745213;93844728999;86 Bluejay Plaza
Simon;Parsons;CC;1601745475;66627542699;85839 New Castle Trail
Graiden;Nixon;TI;1601745695;44586664599;8582 Delladonna Trail
Kuame;Macdonald;CC;1601745685;45532876399;8581 Scott Street
Brittany;Mills;TI;1601745249;90230951699;856 Tomscot Avenue
MacKenzie;Dale;CC;1601745794;33343949199;855 Buena Vista Lane
Xavier;Francis;PP;1601746020;12922942299;8546 Judy Way
Brenden;Dawson;CE;1601745440;71244249199;8545 Veith Lane
Reuben;Austin;PP;1601745708;42808199399;85169 Morningstar Junction
Shaine;Gill;CE;1601745912;21684580199;8494 Emmet Alley
Mohammad;Clements;CE;1601745915;21567207099;8492 Coolidge Trail
Sage;Wood;TI;1601746032;11931731099;846 Autumn Leaf Drive
Ifeoma;Lloyd;CE;1601746012;13462692899;8431 Texas Terrace
Quincy;Middleton;CE;1601746111;3583883799;84 Mockingbird Junction
Clark;Lopez;PP;1601745152;99847954699;84 Cardinal Hill
Cruz;Mendez;TI;1601746107;3728561399;83392 Homewood Way
Orli;Spence;PP;1601745282;86773530599;8338 Morrow Avenue
Morgan;Harrell;TI;1601746064;8274460399;8330 Holy Cross Way
Lillith;Gonzalez;CC;1601745361;79970289199;831 Hollow Ridge Park
Arden;Castillo;CC;1601745569;56789292199;83061 Shopko Avenue
Charissa;Byers;TI;1601745637;50454172499;83 Hudson Pass
Hop;Maxwell;CE;1601745838;28946514999;83 Holmberg Park
Whoopi;Whitaker;TI;1601745618;52372210499;83 Colorado Court
Cailin;Dennis;TI;1601745736;39374770899;8293 Milwaukee Avenue
Kylie;Kline;CE;1601745662;47422564699;82737 5th Circle
Hammett;Knowles;TI;1601745251;89669677499;82209 Duke Circle
Ray;Curtis;CC;1601745729;40984028399;821 Lyons Road
Brian;Frank;PP;1601745964;17616931599;82 Vernon Alley
Gannon;Winters;CC;1601745822;30677839199;82 Kipling Plaza
Todd;Russell;CC;1601745349;81321098699;82 Clyde Gallagher Drive
Trevor;Alford;CC;1601745759;36777910599;82 Butterfield Crossing
Nevada;Owens;CC;1601745518;62251012699;81724 Springview Plaza
Fritz;Slater;CE;1601745201;94893105199;81680 Starling Alley
Quin;Stewart;TI;1601745432;72577356599;815 Boyd Trail
Colton;Bennett;CE;1601745669;46659248599;8147 Morningstar Crossing
Aline;Kelly;CC;1601745966;17454806099;8136 Basil Parkway
Dexter;May;PP;1601745718;42234843099;811 Nevada Park
Sara;Rose;CE;1601745223;92697848099;810 Cordelia Road
Xandra;Giles;TI;1601745304;85320412599;8098 Heath Court
Hunter;Dickerson;TI;1601745577;56299201599;80834 Paget Parkway
Blake;Rush;TI;1601745726;41519649399;80785 Forster Pass
Walter;Weiss;TI;1601745362;79932943599;8072 Washington Parkway
Kiayada;Gomez;PP;1601745343;81984746299;805 Tennessee Road
Molly;Little;PP;1601745333;82962105099;804 Magdeline Road
Kaitlin;Leon;CE;1601745565;57466835699;80365 Tennyson Terrace
Unity;Silva;PP;1601745308;84705514099;80 Packers Alley
Moses;Rowe;TI;1601745262;88888251899;80 Miller Hill
Aurora;Chavez;PP;1601745967;17451493299;8 Washington Point
Olga;Castaneda;TI;1601745698;43939494499;8 Warrior Circle
Silas;Small;CC;1601745495;63896648199;8 Tennessee Drive
Adele;Bean;TI;1601745211;93918843999;8 Sugar Alley
Rhea;Mcdowell;CC;1601745821;30713095599;8 Raven Road
Hermione;Gould;CE;1601745256;89417950399;8 Paget Hill
Cadman;Lewis;TI;1601745234;91308051599;8 Oxford Terrace
Linda;Aguirre;TI;1601745209;94315667699;8 Marcy Court
Alexander;Weiss;CC;1601746103;4241251699;8 Maple Wood Parkway
Ronan;Campbell;PP;1601745185;96677096799;8 Mallory Pass
Rajah;Conley;CE;1601745920;21283520399;8 Lerdahl Place
Carissa;Meadows;TI;1601745788;33550341699;8 Lerdahl Center
Dustin;Pate;CE;1601745524;60927773499;8 Jenifer Parkway
Connor;Richard;PP;1601745977;16520225099;8 Hansons Circle
Pandora;Winters;TI;1601745591;54776622099;8 Hanover Street
Herman;Cantu;CE;1601745835;29411537399;8 Farwell Road
Astra;Fischer;PP;1601745443;70923309399;8 Esch Parkway
Dominic;Roth;CE;1601745487;64941007899;8 Division Crossing
Chancellor;Boyer;CE;1601745763;36439840899;8 Del Sol Lane
Xenos;Lewis;CC;1601745946;19288080799;8 Dakota Lane
Brock;Calderon;CC;1601745488;64768792599;8 Clove Hill
Nevada;Valdez;CC;1601746068;7667989699;8 Chive Plaza
Callie;Christian;PP;1601745998;14608351499;8 Arapahoe Park
Brynne;Mejia;CC;1601745622;51823247099;8 American Place
Virginia;Randall;TI;1601745207;94572055199;8 Alpine Lane
Yasir;Allison;CE;1601745710;42600932799;8 5th Junction
Alfreda;Stephenson;CE;1601745352;80998640099;7985 Commercial Terrace
Dolan;Stephenson;CC;1601745378;78249408099;7938 Canary Court
Tyrone;Foreman;PP;1601745845;28422881699;7894 Merrick Place
Clio;Bauer;TI;1601745499;63687991999;789 Clove Point
Lydia;Gilbert;TI;1601746138;1737903899;78769 Forest Terrace
Brynne;Buckley;CE;1601745975;16570558599;786 Morrow Drive
Armand;Lamb;PP;1601746023;12699639899;78525 Acker Park
Asher;Winters;TI;1601745299;85459521799;78498 Montana Lane
Quentin;Harrington;PP;1601745748;37646652199;78277 Crest Line Alley
Lillith;Hampton;TI;1601745801;32683175199;78232 Warner Place
Sydney;Nunez;CC;1601746095;4544564299;78 Towne Point
Damon;Berg;CE;1601745640;50399432999;78 Shelley Place
Donovan;Cooke;CC;1601745599;53912685899;78 Basil Hill
Carissa;Hood;CE;1601745691;44947787299;77830 Autumn Leaf Plaza
Keegan;Leon;CC;1601746074;6908146999;778 Hooker Alley
Shaine;Mcdowell;PP;1601745701;43745715599;77467 North Street
Zeph;Johnston;TI;1601745348;81548664199;773 Gina Trail
Sopoline;Oliver;PP;1601745816;31237642899;77262 Pepper Wood Lane
Brennan;Pena;CE;1601745392;76687406599;77182 Bluestem Road
Price;Kent;CE;1601745873;25561605399;7710 Delladonna Avenue
Dana;Faulkner;PP;1601745995;14701811099;771 Kensington Point
Illiana;Sears;TI;1601745807;32312376999;771 Dennis Center
Shoshana;Weber;CE;1601745828;29816010299;77097 Crest Line Street
Jamal;Anthony;CE;1601746097;4490453699;77049 Oneill Pass
Karyn;Sargent;CE;1601746144;972428199;77 Clyde Gallagher Court
Bernard;Gallagher;CC;1601745635;50715091699;76993 Prentice Place
Edan;Blankenship;TI;1601745660;47472850799;7673 Drewry Point
Rosalyn;Ray;PP;1601745460;68419209599;766 Kedzie Trail
Lars;Pearson;PP;1601745195;95444928499;7632 Sommers Center
Mariko;Owens;PP;1601745288;86429956899;7610 Westridge Street
Alisa;Whitley;CE;1601745690;44992354599;76 Trailsway Crossing
May;Mooney;PP;1601745613;53340443599;76 Fallview Avenue
Otto;Lawson;PP;1601745194;95710025899;7575 Orin Drive
Norman;Silva;TI;1601745813;31603037499;75711 Maywood Park
Morgan;Benson;PP;1601745280;86910446399;75109 Golf View Street
Blythe;Bean;CE;1601745157;99464046099;75051 Charing Cross Trail
Summer;Carpenter;CC;1601745179;97292177599;75 Old Shore Court
Colorado;Huff;TI;1601745322;83758263599;749 Larry Parkway
Bruno;Bond;TI;1601745600;53796525999;74823 Hermina Hill
Jared;Bell;CE;1601745724;41607439899;7479 Stone Corner Terrace
Madaline;Franco;PP;1601745325;83608811099;74 Heffernan Plaza
Conan;Tran;PP;1601745727;41380061399;7380 Helena Way
Hedwig;Briggs;CC;1601745534;60257762699;738 Lindbergh Terrace
Stewart;Mccall;CE;1601745971;17308797599;7378 Lighthouse Bay Avenue
Rogan;Dale;CE;1601745836;29398984799;73771 Rowland Parkway
Nayda;Booker;TI;1601745260;89319779599;7377 Rutledge Park
Fleur;Rodriquez;TI;1601746146;591781199;73648 Russell Road
Carly;Benjamin;CC;1601745557;57918387599;73371 Bartelt Drive
Dominique;Ramsey;PP;1601745398;76584079599;73291 Warrior Road
Echo;Mcknight;CC;1601745462;68267841099;73 Mcbride Alley
Wang;Landry;PP;1601746116;3319516999;727 Dixon Point
Hashim;Case;PP;1601745694;44646247999;726 Upham Pass
Beau;Mills;CC;1601745414;74261808999;72410 Pierstorff Drive
Abra;Wood;CE;1601745859;27325746899;72313 Logan Park
Fatima;Pearson;CE;1601746000;14376204199;723 Independence Hill
Alfonso;Morse;PP;1601745688;45307471099;72 Sugar Center
Xena;Key;CC;1601745493;64355626099;71852 Hudson Way
Kameko;Bennett;CE;1601745451;69991641599;718 Del Sol Park
Astra;Odonnell;PP;1601746007;13871171799;7177 Victoria Circle
Jordan;Johnson;CC;1601745233;91731995999;7152 Rockefeller Parkway
Derek;Weaver;PP;1601745221;92806197499;715 Kings Drive
TaShya;Peterson;PP;1601745776;34876769599;71371 Morrow Lane
Kitra;Hardin;PP;1601745364;79773045499;712 Tennessee Road
Guy;Mcguire;TI;1601745526;60857585199;7113 8th Trail
Tatum;Franklin;TI;1601745970;17318048899;711 Melby Trail
Simon;Odonnell;CC;1601745885;23962747499;71 Raven Pass
Nora;Atkinson;TI;1601745318;84298240199;71 Anthes Road
Tana;Simmons;CC;1601746121;2851761199;7097 Shopko Lane
Wesley;Deleon;CE;1601745742;38481278699;707 Arrowood Center
Haviva;Beard;PP;1601746019;12930441699;7030 Sachs Center
Leslie;Webb;CC;1601745300;85455335299;703 Forest Run Court
Hadley;Phillips;PP;1601745979;16363281499;70205 Jenifer Place
Jasmine;Houston;CE;1601746080;6293493799;70149 Elmside Plaza
Ralph;Jennings;CC;1601745765;36306986999;7007 Steensland Center
Brett;Sharpe;CC;1601745370;79272277499;700 Doe Crossing Parkway
Neve;Fleming;PP;1601745888;23807401799;7 Warrior Center
Colton;Horne;CC;1601746001;14353839099;7 Vahlen Trail
Alexander;Santiago;CE;1601745981;15988105199;7 Thierer Point
Teagan;Pearson;CC;1601745713;42447325399;7 Thierer Crossing
Yoshio;Gilmore;TI;1601745466;67814880599;7 Sunnyside Avenue
Wyoming;Pruitt;CE;1601746108;3645374199;7 Summer Ridge Lane
Mikayla;Bowman;TI;1601745521;61303253999;7 Shopko Plaza
Daphne;House;CC;1601745541;59353771699;7 Sage Parkway
Adrian;Porter;PP;1601745225;92664386999;7 Ronald Regan Way
Scarlett;Mcclain;PP;1601746058;8407027099;7 Rockefeller Point
Olympia;Jacobs;TI;1601745344;81975822399;7 North Avenue
Harriet;Fowler;TI;1601745910;21811789899;7 Namekagon Hill
Scott;Wilder;TI;1601745394;76647317799;7 Morningstar Trail
Nigel;James;CC;1601745849;27985387699;7 Merrick Street
Ivan;Beach;TI;1601745632;50942325399;7 Mcbride Pass
Ifeoma;Calderon;CC;1601745254;89535311199;7 Jackson Park
Kevin;Munoz;CC;1601745769;35752344199;7 Iowa Way
Xaviera;Sargent;CC;1601745478;66205348699;7 Clemons Parkway
Scarlet;Dean;TI;1601746136;1794649999;7 Cherokee Center
Herrod;Gentry;CC;1601745266;88726714199;7 Buhler Way
Keith;Cline;PP;1601745871;25952652599;7 Buena Vista Avenue
Timon;Ortega;CE;1601745227;92631187599;7 Becker Junction
Beck;Vaughan;CC;1601745939;19752566499;7 Algoma Center
Lysandra;Howell;PP;1601745261;89284970099;69659 Dixon Place
Imogene;Clayton;TI;1601745183;96746653399;696 Monica Plaza
Conan;Lloyd;TI;1601746114;3481935199;696 Miller Way
Macy;Shelton;CC;1601745870;25954136099;69505 Hintze Avenue
Eagan;Leach;TI;1601745408;75641214499;69378 Sheridan Street
Mara;Lindsey;CE;1601745768;35974295499;6924 Hoard Place
Upton;Thornton;TI;1601745445;70754336499;692 Butterfield Circle
Rajah;Sullivan;TI;1601745501;63588421899;69179 Red Cloud Avenue
Lillith;Schroeder;TI;1601745268;88490017499;69037 School Trail
Justin;Meyers;TI;1601745666;47203494099;690 Pennsylvania Avenue
Amity;Burns;CC;1601745507;62938678499;69 Moulton Pass
Byron;Rosario;CC;1601745264;88776534599;69 Browning Trail
Allen;Daugherty;CC;1601745515;62471913999;68527 3rd Hill
Sydnee;Casey;CC;1601745795;33343769599;68168 Glacier Hill Circle
Geoffrey;Fulton;PP;1601745230;91981971599;68 Pierstorff Court
Lev;Hewitt;PP;1601746117;3224152399;68 Derek Place
Ocean;Roth;PP;1601745837;29355767499;676 Division Junction
Russell;Boyle;CE;1601745944;19323944699;674 Crowley Trail
Clinton;Odom;PP;1601745598;53926103599;66899 Warner Hill
Mark;Sears;CC;1601745706;42937067399;66537 Village Circle
Dorothy;Knox;PP;1601745887;23895537899;6615 Schlimgen Point
Yen;Caldwell;PP;1601745911;21757425599;66107 Di Loreto Crossing
Alyssa;Chavez;CE;1601745586;54966876999;66 Monica Plaza
Venus;Peck;CE;1601745555;58340552199;66 Grasskamp Drive
Addison;Benson;PP;1601745663;47376474799;66 Elmside Trail
Stephanie;Woods;CC;1601745465;67863805099;657 Hermina Plaza
Xavier;Thomas;TI;1601745982;15966667799;6557 Morrow Parkway
Magee;Mccoy;CE;1601745734;39706642499;6553 Homewood Way
Ora;Strong;CC;1601745702;43721380199;655 Crowley Lane
Jocelyn;Mendoza;PP;1601745242;90546662599;65464 Lerdahl Lane
Hermione;Ramos;CE;1601745192;96201767799;6529 Scoville Street
Allistair;Frazier;TI;1601746038;10656154299;652 Mendota Plaza
Mannix;Hunt;PP;1601746077;6573359999;6518 Vermont Center
Fredericka;Dejesus;CE;1601745537;59733080699;65 Vermont Crossing
Sandra;Gregory;CC;1601745815;31320409499;65 Talmadge Plaza
MacKenzie;Finch;TI;1601745252;89623419299;65 Luster Trail
Miranda;Chandler;CE;1601745479;65985254299;65 Farmco Avenue
Allistair;Buck;CE;1601745976;16532312399;64701 Delaware Street
Channing;Booth;CC;1601746089;4899039199;64592 Sunbrook Center
Xavier;Nixon;CC;1601745215;93470719599;6459 Boyd Crossing
Hunter;Carlson;CC;1601745562;57786112099;6457 Red Cloud Avenue
Zenia;Cruz;PP;1601745629;51377080999;64513 Michigan Place
Tamara;Yang;CC;1601745395;76614920099;6418 Talmadge Street
Pascale;Dillon;TI;1601745985;15782207999;64 Red Cloud Plaza
Britanni;Lynn;CC;1601745359;80258938199;6382 Clyde Gallagher Park
Moana;Mejia;CE;1601745750;37432337399;63713 Lighthouse Bay Road
Hop;Davenport;PP;1601746130;2332386799;6365 Washington Place
Reagan;Durham;CC;1601745231;91784951899;63365 Dovetail Avenue
Brenda;Sellers;PP;1601746086;5229249099;63 Warrior Alley
Keefe;Mathews;PP;1601745764;36308461099;63 Sheridan Place
Ronan;Reilly;PP;1601745633;50870654499;63 Rutledge Parkway
Quentin;Knowles;CE;1601745419;73724142499;63 Jana Street
Nadine;Warren;CE;1601746125;2613058399;63 Heath Crossing
Whitney;Raymond;TI;1601745958;18355304299;62937 6th Trail
Francis;Sawyer;TI;1601745620;51832862499;625 Algoma Lane
Hall;Lang;CC;1601745561;57800197699;624 Merchant Point
Colton;Cunningham;CE;1601745696;44373544499;621 Amoth Drive
Alma;Farley;PP;1601745237;90970403899;62 Melody Park
Elvis;Herrera;PP;1601745883;24515227699;62 Maywood Plaza
Dalton;Bowen;CC;1601745863;26705770599;6158 Troy Center
Emily;Mooney;CE;1601745844;28464466999;61538 Bultman Alley
Branden;Hickman;CC;1601745692;44690165799;6153 Meadow Ridge Avenue
Tanner;Howe;CE;1601745571;56746810299;6146 Marcy Pass
Eve;Wheeler;CC;1601745289;85911976999;613 Jenifer Trail
Alice;Vazquez;PP;1601745263;88817317199;612 Little Fleur Alley
Adam;Langley;CE;1601745882;24631743499;610 Jackson Lane
Brady;Valencia;CC;1601745313;84495511599;61 Sullivan Park
Libby;Lewis;TI;1601746067;7760689099;61 Monica Street
Simone;Pitts;CE;1601745673;46541883999;608 Doe Crossing Parkway
Hu;Benson;PP;1601745761;36591926599;60675 Mcbride Avenue
Coby;Solis;PP;1601745514;62473555699;6052 Dixon Place
Sharon;Beck;TI;1601745908;22273269699;60 Emmet Terrace
Libby;Thompson;CE;1601745590;54866150799;6 Warrior Drive
Britanni;Santiago;CC;1601745387;77377472499;6 Tennyson Way
Shellie;Hansen;CE;1601745983;15819516899;6 Spaight Crossing
Fleur;Frazier;TI;1601745625;51621341399;6 Sage Road
Vaughan;Hall;CE;1601746132;1993607999;6 Ronald Regan Trail
Baker;Jacobson;CE;1601745484;65388874099;6 Redwing Hill
Amethyst;Moran;TI;1601745922;21247399499;6 Parkside Drive
Calvin;Andrews;TI;1601745707;42894233599;6 Nancy Park
Keelie;Waters;CE;1601746002;14338764399;6 Montana Hill
Nigel;Larson;CC;1601745176;97495470999;6 Melrose Terrace
Nora;Sandoval;CC;1601745572;56714056099;6 Meadow Valley Street
Hillary;Carey;TI;1601745283;86715630199;6 Londonderry Crossing
Amaya;Hopkins;TI;1601746034;11287018199;6 Lerdahl Parkway
Edward;Holden;CC;1601745427;72909703299;6 Kipling Place
Drew;Ware;PP;1601745405;75914969999;6 Huxley Point
Kenneth;Kidd;PP;1601745404;75923282699;6 Helena Plaza
Sophia;Cochran;TI;1601745544;59245795799;6 Goodland Plaza
Jermaine;Sloan;TI;1601745601;53776268399;6 Goodland Avenue
Hop;Petersen;CC;1601745991;15438182499;6 Glendale Center
Pamela;William;TI;1601745212;93896725799;6 Evergreen Drive
Brenna;Boyd;CC;1601745339;82334604599;6 Emmet Park
Wing;Coffey;PP;1601746145;848929499;6 East Place
Howard;Kelly;CE;1601745787;33606103799;6 Cascade Avenue
Maia;Maldonado;PP;1601745638;50408612099;59458 Hoepker Junction
Leroy;Bennett;TI;1601745754;36913646899;5925 Esch Lane
Xena;Wise;PP;1601746065;7931327599;592 International Circle
Lana;Benson;CC;1601745738;39235906599;59 Ilene Terrace
Petra;Roy;CE;1601745224;92695156699;59 Buell Lane
Gannon;Joseph;TI;1601745925;20702456699;58560 Prentice Street
Natalie;Stanton;TI;1601745955;18741399699;58412 Bonner Way
Addison;Goodman;CC;1601746030;11999708799;58138 Ohio Circle
Nathan;Carney;CC;1601745525;60912828399;581 Nevada Junction
Lewis;Boyer;CE;1601745270;88409962099;581 Corry Drive
Hunter;Jarvis;CC;1601745857;27386355699;58 Village Junction
Connor;Mccray;CE;1601746139;1461780899;58 Lawn Circle
Fletcher;Watts;CE;1601746151;218689599;578 Loftsgordon Hill
Desiree;Farley;CE;1601745421;73669410799;5751 Birchwood Pass
Julian;Hardin;CE;1601745320;84231880399;57465 Duke Road
Delilah;Avila;PP;1601745595;54491246699;5744 Forest Run Way
Christian;Blevins;PP;1601745407;75675232799;5723 Moland Road
Rachel;Ray;CE;1601745918;21344392799;5722 Kenwood Hill
Vivien;Mcpherson;CC;1601745676;46390862899;57 Sunnyside Hill
Merritt;Pruitt;CE;1601745516;62449601699;57 Declaration Circle
Lael;Oliver;TI;1601745323;83622606699;56837 Little Fleur Street
Maisie;Rivas;CC;1601745360;79973379499;56825 Jana Place
Rosalyn;York;CE;1601745725;41594456999;56791 Tomscot Pass
Baxter;Johns;CE;1601745607;53549882299;5677 Maryland Crossing
Cheyenne;Burks;TI;1601745527;60810958899;5669 Crownhardt Lane
Preston;Horn;TI;1601745752;37264672899;56578 Express Center
Sloane;Lambert;CC;1601745733;39816597799;56560 Lake View Point
Tad;Howell;CE;1601745648;48693239499;56502 Morrow Alley
Tyler;Harris;PP;1601745248;90361757799;56429 Stang Avenue
Sonia;Suarez;PP;1601745907;22307936999;5641 Havey Avenue
Beverly;Robertson;CE;1601746033;11358332699;56 Graedel Alley
Barrett;Sandoval;CE;1601745372;78930815099;56 American Park
Luke;Hood;PP;1601746031;11986456399;553 Glacier Hill Alley
Maile;Stanley;CC;1601745286;86630548599;55155 Lunder Hill
Fulton;Buckner;CE;1601745430;72745872999;54965 Quincy Center
Quentin;Deleon;TI;1601745611;53384806499;54947 Grasskamp Drive
John;Henderson;PP;1601746134;1904473399;549 Eastwood Pass
Taylor;Barnett;PP;1601745331;83238285399;548 Kingsford Parkway
Yuli;Ware;CC;1601745592;54744348699;54720 Troy Way
Rhona;Pearson;PP;1601745193;95765069999;54 Blue Bill Park Avenue
Illana;Lester;CE;1601745158;99451340299;53656 Arkansas Parkway
Ezekiel;Barry;TI;1601746084;5497716799;5311 Porter Pass
Walter;Gentry;TI;1601746105;3823164599;531 Starling Avenue
Christopher;Russo;CC;1601745243;90495877899;531 Laurel Street
Seth;Bender;CC;1601745809;31945567499;53043 Vidon Way
Willa;Bender;CE;1601745389;77264853899;530 Rowland Junction
Rebecca;Beck;TI;1601745476;66466548599;530 Drewry Place
Josiah;Cotton;CE;1601745675;46477479799;53 West Parkway
Nathaniel;Mccall;TI;1601745894;23438940199;53 Kropf Way
Emma;King;TI;1601745999;14581704099;53 Delladonna Court
Barclay;Erickson;TI;1601745540;59418312999;52943 Dapin Park
Burton;Baldwin;CC;1601745965;17472849399;528 Quincy Center
Nissim;Barber;CC;1601745384;77545571999;52634 Hoard Point
Abel;Winters;PP;1601745173;97672230099;524 Mallory Way
Carson;Hutchinson;TI;1601745906;22449264999;52 Butterfield Parkway
Macey;Hardin;TI;1601745877;25212163199;51885 Algoma Point
Cailin;Crosby;PP;1601745987;15644911099;51675 Comanche Road
Hope;Newton;TI;1601745226;92652202199;51512 Darwin Parkway
Savannah;Best;TI;1601745388;77320616599;5135 Del Sol Park
Pascale;Bright;CC;1601745869;26206197999;51279 Iowa Place
Donovan;Pugh;CC;1601745450;70408570599;5117 Annamark Circle
Dante;Irwin;TI;1601745442;71227974599;511 Blaine Junction
Randall;Erickson;CE;1601745334;82675740599;51 American Ash Pass
Ross;Velazquez;PP;1601745321;83840924299;50956 Packers Street
Paki;Jones;TI;1601745235;91245737199;509 Scoville Park
Armando;Collins;CC;1601745812;31604095399;5070 Forest Dale Way
Zahir;Norman;PP;1601745831;29690860799;507 Dapin Court
Virginia;Mclean;PP;1601746059;8360026999;506 Jana Place
Kenyon;Brock;CE;1601745746;37978819199;50432 Gulseth Way
Timon;Moon;PP;1601745410;74949209999;504 Kings Street
Arsenio;Welch;CE;1601745265;88746335099;5025 New Castle Crossing
Caesar;Merritt;TI;1601745336;82585639799;50238 Westport Way
Herrod;Harmon;TI;1601745472;66918944499;50092 Washington Park
Kellie;Lester;CC;1601745406;75885401799;50 Barnett Point
Joan;Buck;TI;1601746076;6599018199;50 Autumn Leaf Alley
Evan;Osborn;PP;1601746079;6363667199;5 Weeping Birch Street
Isaiah;Saunders;PP;1601745203;94737553999;5 Valley Edge Junction
Robin;Fuller;PP;1601745575;56467100599;5 Troy Road
Bevis;Cameron;PP;1601745373;78917839299;5 Summer Ridge Trail
Steven;Barnett;CC;1601745749;37595793399;5 Roxbury Circle
Ivor;Holder;PP;1601745934;20226846399;5 Riverside Hill
Ferdinand;Byers;CC;1601746072;7264679999;5 Riverside Center
Kato;Knox;TI;1601745413;74285674599;5 Porter Avenue
Leo;Brewer;TI;1601745930;20365833199;5 Nobel Hill
Madeson;Martinez;TI;1601745588;54945840099;5 Monica Place
Hall;Estrada;CE;1601745830;29729200499;5 Meadow Ridge Place
Driscoll;Guerra;CE;1601745314;84490880299;5 Marcy Alley
Felicia;Potts;TI;1601746050;9260322999;5 Hollow Ridge Trail
Thaddeus;Albert;PP;1601745878;24998972499;5 Hayes Pass
Aphrodite;Cline;TI;1601745332;82968872899;5 Corry Parkway
Jaquelyn;Curtis;TI;1601745316;84471990299;5 Buhler Plaza
Trevor;Singleton;TI;1601745775;35256040699;5 Brickson Park Drive
Lareina;Hurst;CC;1601745498;63797966199;4984 Fordem Hill
Macaulay;Conley;CE;1601745937;19903909899;49463 Village Parkway
Lucius;Sawyer;CE;1601745782;33962538099;4933 Menomonie Lane
Signe;Soto;PP;1601745416;73844718899;49281 Logan Circle
Ivy;Page;TI;1601745842;28573512799;492 Blackbird Point
Camille;Everett;PP;1601745848;28260277399;4915 Carioca Park
Travis;Fulton;TI;1601745382;77593011399;49 Hanover Alley
Tad;George;CE;1601745968;17362641899;49 Corben Drive
Stacey;Mccullough;CC;1601745652;48341486099;49 Brickson Park Parkway
Juliet;Todd;CE;1601745504;63405286599;4897 Muir Street
Paul;Mcconnell;CE;1601745714;42400434499;48907 Fair Oaks Plaza
Ivan;Herman;CE;1601745686;45501705999;489 Farragut Hill
Myles;Greer;TI;1601745437;71301758299;48888 Maywood Crossing
Bevis;Richard;PP;1601745546;58968346099;4853 Maple Wood Pass
Keiko;Hodges;CC;1601745397;76589210499;4851 David Parkway
Thane;Long;PP;1601745253;89556224799;484 Independence Avenue
Fleur;Washington;PP;1601745612;53379922199;484 Brown Road
Piper;Massey;CE;1601745570;56754955799;48081 Cottonwood Drive
Maisie;Hull;TI;1601745188;96412491499;48 Manufacturers Alley
Dahlia;Henson;TI;1601745350;81270385599;48 Loomis Avenue
Xaviera;Brady;CC;1601746039;10637229299;479 Morningstar Avenue
Salvador;Simpson;CE;1601745723;41689322899;47839 Talmadge Street
Kaitlin;Olson;TI;1601745347;81578014099;477 Londonderry Drive
Kane;Trujillo;CC;1601745897;23342789499;4752 Carey Crossing
Hanna;Abbott;CE;1601745295;85699587199;47359 Cascade Junction
Dacey;Mcfarland;TI;1601745341;82261780199;47339 Meadow Vale Drive
Macey;Hurley;PP;1601745485;65358461499;47272 Petterle Drive
Camille;Camacho;CE;1601745497;63848026999;4726 Almo Avenue
Lynn;Warner;PP;1601745216;93405114099;47140 Bartelt Court
Ann;Puckett;CC;1601745205;94680732699;47098 Independence Plaza
Damon;Roman;CE;1601745489;64689636799;47 Nova Junction
Rama;Le;TI;1601746120;2915696399;47 Moland Road
Adara;Branch;CE;1601745945;19321612299;47 Michigan Pass
Kendall;Mathews;CC;1601745744;38240591099;4686 Lindbergh Terrace
Bradley;Reed;TI;1601745876;25221916999;466 Eggendart Avenue
Eugenia;Roberts;CE;1601745628;51532482699;465 Rockefeller Pass
Wyoming;Dixon;TI;1601745166;98698748199;463 Swallow Terrace
Florence;Stein;PP;1601745169;98302518399;4625 Bartillon Lane
Barrett;Norton;CC;1601745206;94625551699;46243 Dottie Park
Xanthus;Short;PP;1601745533;60397183899;46025 Mariners Cove Trail
Hayes;Downs;TI;1601745246;90395994999;46 Brown Street
Vivian;Roach;PP;1601745630;51296384399;45972 Esch Circle
Todd;Snyder;PP;1601745505;63404881499;457 Monterey Trail
Wyoming;Tran;CC;1601745529;60661199399;4567 Porter Plaza
Wanda;Schmidt;CE;1601745639;50401303299;4551 Dennis Trail
Tobias;Hooper;PP;1601745890;23721708199;45505 Northridge Drive
Pearl;Frazier;PP;1601745278;87267589199;451 Mayer Avenue
Alvin;Franklin;CC;1601745989;15610634799;45 Mockingbird Place
Orla;Cantrell;PP;1601746011;13635870999;45 Eastlawn Alley
Leilani;Mcclure;PP;1601745874;25520822099;45 Columbus Place
Wanda;Christensen;TI;1601745603;53682588399;45 Center Pass
Camille;Tanner;TI;1601745564;57576912699;44837 Clyde Gallagher Road
Kyra;Randall;TI;1601745959;18238548099;448 Packers Trail
Aladdin;Holman;CE;1601745506;63334669399;4456 Anthes Pass
Hamish;Moon;TI;1601745682;45714261999;44503 Lakewood Point
Flynn;Drake;CC;1601745928;20414781999;445 Carioca Parkway
Walker;Shelton;TI;1601745449;70487050199;444 Burrows Crossing
Kermit;Miles;PP;1601745155;99743151499;44303 Comanche Center
Lucian;Booth;CE;1601745519;61728849099;44011 Sachtjen Terrace
Chaney;Lawrence;PP;1601745386;77519435299;44 Forest Place
Maxwell;Gilliam;CC;1601745683;45709733999;44 Cody Center
Geraldine;Neal;PP;1601745259;89323742799;44 Blackbird Street
Kaseem;Brady;TI;1601746104;3957686299;4395 Morning Way
August;Mercado;PP;1601745512;62584854299;439 Annamark Point
Dennis;Mcclain;CE;1601745523;61263805099;4360 Independence Trail
Nicholas;Yang;CC;1601745643;49717706699;435 Rockefeller Pass
Thor;Gordon;CE;1601746119;2959277899;435 Cody Place
Keegan;Odonnell;TI;1601745804;32520890499;43468 Shoshone Parkway
Blaze;Schwartz;TI;1601745919;21322934599;4339 Caliangt Plaza
Benedict;Harper;CE;1601745670;46653052499;43359 Straubel Lane
Hayden;Craft;CE;1601746070;7461785799;43 Claremont Lane
Piper;Clark;CC;1601746126;2443528199;42949 Northview Junction
Amos;Stanley;TI;1601745972;17283358099;42512 Blackbird Drive
Beverly;Adkins;PP;1601745573;56612263699;420 Northport Plaza
Luke;Benton;CE;1601745582;55663901099;42 Valley Edge Circle
Mufutau;Quinn;CC;1601746142;1274117899;42 Mockingbird Plaza
Bert;Barrett;PP;1601745500;63668347999;41947 Swallow Circle
Christian;Perez;PP;1601745680;46203199499;419 Mcbride Crossing
Xerxes;English;CC;1601745974;16710255399;41827 Merrick Road
Armand;Thornton;TI;1601746129;2339215599;41811 Bartillon Alley
Tanya;Adams;CC;1601745852;27612497899;417 Northport Way
Ava;Swanson;CE;1601745623;51822213099;4158 East Parkway
Hedley;Hopkins;CE;1601745580;55867664699;4148 Corscot Court
Yardley;Mays;CC;1601745891;23663916299;413 Monterey Junction
Imelda;Kim;CC;1601745938;19898904799;41 Kipling Trail
Vladimir;Jenkins;CE;1601745781;33994342499;41 Green Trail
Megan;Vaughan;CE;1601746036;10975602999;41 Dorton Parkway
Hanae;Haynes;TI;1601745175;97570973399;4095 Grim Road
Charde;Rosales;TI;1601745810;31825067099;40799 4th Center
Camilla;Carlson;CC;1601745687;45342002599;406 Shasta Center
Brennan;Miles;PP;1601745164;98784961999;40470 Washington Parkway
Lane;Fuller;CC;1601745297;85630195399;40450 Bluestem Lane
George;Faulkner;PP;1601745597;53956743199;4009 Miller Road
Wyoming;Romero;PP;1601745634;50728360299;40 Susan Circle
Sacha;Justice;PP;1601745477;66425200699;40 Cambridge Alley
Colorado;Erickson;TI;1601745737;39284268299;4 Walton Road
Ralph;Burgess;TI;1601745927;20471296099;4 Sunbrook Trail
Colt;Hansen;TI;1601746123;2730037699;4 Shasta Parkway
Judah;Henson;CC;1601746037;10716105999;4 Porter Terrace
Marny;Henson;CE;1601745326;83586092899;4 Pennsylvania Street
Palmer;Olsen;CE;1601745901;22957069799;4 Oak Valley Hill
Alan;Compton;CC;1601745722;41766349099;4 Meadow Valley Point
Molly;Henry;CE;1601745860;27207021299;4 Lukken Drive
Yasir;Burch;TI;1601745913;21682117099;4 Loftsgordon Parkway
Raphael;Sharp;PP;1601745984;15814197199;4 Lindbergh Way
Kennan;Carney;PP;1601745834;29512542199;4 Laurel Parkway
Fay;Swanson;CC;1601745490;64403637799;4 Jana Court
Illiana;Pace;PP;1601746021;12818572699;4 Holmberg Trail
Keelie;Burns;CE;1601745159;99415023099;4 Hanover Circle
Carla;Mathis;PP;1601745554;58453959199;4 Garrison Circle
Ariana;Matthews;CC;1601746018;12945769299;4 Gale Place
Berk;Ayers;TI;1601745324;83621920399;4 Express Place
Lawrence;Santana;CC;1601745617;52390228799;4 Esker Lane
Ulla;Flowers;PP;1601746090;4867830899;4 Elmside Terrace
Barry;Reed;TI;1601745609;53505053599;4 Dexter Park
Neville;Lamb;PP;1601746083;5560104199;4 Derek Road
Rhea;Beach;CE;1601745171;97946904999;4 Del Mar Plaza
Hakeem;Dickson;PP;1601746063;8280721699;4 Colorado Road
Jeanette;Leon;PP;1601746081;6227668899;4 Buell Terrace
Briar;Harrington;CC;1601746008;13794331699;39976 Gulseth Circle
Ahmed;Martin;TI;1601745509;62863255199;3988 Northwestern Circle
Calista;Burks;PP;1601745368;79325361699;39690 Sherman Hill
Blossom;Melton;PP;1601745784;33841022099;394 Dexter Plaza
Simon;Mcclure;CC;1601745667;46804890899;386 Declaration Lane
Griffith;Ferguson;PP;1601746112;3526274699;385 Sunfield Avenue
Patrick;Ray;CC;1601746048;9587998399;385 Pankratz Circle
Lareina;Carroll;CE;1601745973;16793119299;384 Havey Terrace
Levi;Delgado;CC;1601745298;85476643899;3836 Veith Junction
Patience;Wagner;CE;1601745420;73690359299;3826 Rowland Point
Christopher;Camacho;PP;1601745704;43511484499;375 Crest Line Junction
Channing;Pearson;TI;1601745291;85883285399;371 Bluestem Terrace
Blair;Trujillo;TI;1601745875;25224614699;36730 Manitowish Junction
Adele;Russo;CC;1601745448;70540390299;36631 Village Road
Reece;Cortez;CC;1601745872;25699991899;3647 Clarendon Trail
Reed;Wooten;CE;1601745865;26508717399;362 Karstens Drive
Boris;Oliver;PP;1601745513;62527417399;3609 Forest Dale Street
Risa;Walsh;TI;1601745162;98963576099;36 Sommers Center
Adrian;Valenzuela;PP;1601745703;43548147199;35919 Village Green Pass
Blaine;Forbes;CC;1601745292;85851680599;354 Oakridge Avenue
Oprah;Weeks;PP;1601745881;24722585999;3538 Beilfuss Trail
Maxine;Cummings;PP;1601746093;4660290699;3506 Sheridan Park
Colleen;Dorsey;CC;1601745943;19382821099;350 Mitchell Junction
Chloe;Ewing;PP;1601746006;13901414599;35 Carey Junction
Hayes;Compton;PP;1601745306;84913060499;35 Blackbird Lane
Sandra;Dean;PP;1601745840;28825785899;348 Chive Alley
Tate;Spears;TI;1601745447;70541062499;346 Parkside Court
Willa;Figueroa;PP;1601745182;96832875499;346 Heffernan Hill
Hector;Hunter;CC;1601745829;29792568699;3445 Hazelcrest Court
Holly;Cabrera;TI;1601745583;55491139899;34260 Crescent Oaks Trail
Selma;Parsons;CE;1601745924;21211165899;342 Columbus Hill
Acton;Tran;CE;1601745312;84574564599;34 Grover Terrace
Quincy;Case;CE;1601746133;1985946499;34 American Ash Alley
Quin;Mckinney;CE;1601746049;9476429099;3393 Old Gate Avenue
Alexander;Shields;TI;1601745762;36457843899;33653 Dixon Court
Mark;Gonzales;TI;1601745962;17801713899;33515 Toban Trail
Benjamin;Noble;CC;1601745720;41918988299;335 Randy Parkway
Joan;Hart;TI;1601745678;46310214599;33389 Dorton Drive
Beatrice;Potter;CE;1601745371;78957519099;33035 Stephen Avenue
Alika;Montoya;CE;1601745187;96427099399;33 3rd Trail
Cherokee;Davis;TI;1601745285;86671855199;329 Harper Park
Leah;Barnett;CC;1601745163;98875611099;3276 Dunning Trail
Ila;Foreman;CC;1601746027;12606122799;3239 Service Parkway
Merritt;Roy;CC;1601745244;90449720099;32147 Esker Terrace
Myles;Carr;CE;1601746044;9881009999;321 Sunfield Junction
Urielle;Parsons;PP;1601745293;85807926299;32051 Sunfield Street
Felix;Compton;TI;1601745916;21548130499;32 Havey Way
Matthew;Leonard;PP;1601745426;72991620399;32 Graedel Circle
Germane;Wyatt;TI;1601746024;12660853299;32 Dwight Drive
Raya;Reid;TI;1601746148;524057999;3173 Dixon Circle
Lisandra;Knox;CE;1601745587;54948090399;315 Becker Trail
Julian;Humphrey;TI;1601745197;95232580399;31459 Dunning Hill
Reed;Young;CE;1601745800;32690202299;3126 Hoffman Crossing
Hanae;Hernandez;CE;1601745797;32960543799;31254 Fisk Alley
Winter;Thompson;PP;1601745181;96993825299;312 Merrick Avenue
Joelle;Fowler;PP;1601745186;96439778299;31 Continental Street
Boris;Tran;TI;1601745337;82448763199;31 Calypso Lane
Maite;Walter;CC;1601745545;59206564599;30872 Union Park
Keiko;Flores;CE;1601745189;96365187299;30854 Hooker Park
Caldwell;Gutierrez;PP;1601746092;4712625899;3085 Lakeland Road
Hilda;Heath;CE;1601745833;29535022899;3066 Dixon Way
Davis;York;PP;1601745311;84626633999;3059 Lerdahl Plaza
Lysandra;Wilkerson;CC;1601745646;49367912999;305 Talmadge Trail
Roary;Suarez;PP;1601745709;42626070199;30392 6th Center
Jameson;Pate;PP;1601745396;76606229899;3030 Dennis Parkway
Zane;Burke;CE;1601745948;18981435799;303 Victoria Park
Ezra;Willis;PP;1601745327;83465549899;30299 Monument Drive
Deirdre;Mcguire;TI;1601745774;35277299199;30234 Hoffman Parkway
Leroy;Jarvis;PP;1601745511;62765780199;3023 Jenna Place
Howard;Franks;CE;1601745403;76240380199;301 Swallow Circle
Leigh;Noble;PP;1601745735;39479915899;30 Dovetail Plaza
Chancellor;Heath;TI;1601745547;58878493899;3 Washington Plaza
Chaney;Mcfarland;CC;1601745480;65954836299;3 Warrior Trail
Keefe;Buchanan;PP;1601745651;48542512999;3 Vidon Street
Caleb;Downs;PP;1601745328;83417890899;3 Truax Alley
Kasper;Bender;PP;1601745196;95266380399;3 Service Parkway
Alexander;Hammond;PP;1601745619;51935290699;3 Ridgeway Parkway
Harriet;Tyler;PP;1601745825;30300558999;3 Pearson Point
Garth;Leonard;CE;1601745177;97427593299;3 Nova Parkway
Medge;Wood;CC;1601745446;70728269899;3 Michigan Park
Leslie;Mullen;CE;1601745425;73244817499;3 Merry Court
Kirk;Byers;CC;1601745433;72406978799;3 Melody Court
Ivan;Montgomery;CC;1601745645;49531754599;3 Macpherson Crossing
Hunter;Jennings;TI;1601745721;41771532599;3 Lakewood Gardens Drive
Chadwick;Whitley;CE;1601745823;30506183399;3 Lakewood Center
Jessica;Frederick;CE;1601745303;85371314299;3 Kenwood Point
Zachery;Harrison;TI;1601745365;79620746199;3 Gina Trail
Tamara;Griffin;CE;1601745305;84947639299;3 Fulton Avenue
Clayton;Cook;CE;1601745455;68927701299;3 Esch Parkway
Giacomo;Potts;CC;1601745241;90708946099;3 Drewry Road
Oliver;Watkins;TI;1601745820;30721141899;3 Bunker Hill Junction
Hedda;Lindsey;PP;1601745728;41304690199;3 Blue Bill Park Crossing
Astra;Roach;CE;1601745684;45616888599;3 Blaine Trail
Ralph;Clemons;CE;1601745376;78821619199;3 Arapahoe Circle
Kasimir;Pickett;CC;1601745422;73604787499;3 Amoth Center
Eaton;Hancock;CC;1601745935;19966705599;29802 Hoffman Crossing
Yoshio;Hughes;TI;1601746071;7274519199;297 Ludington Court
Sebastian;Mcmillan;PP;1601745461;68350717799;2937 Grim Street
Ira;Stokes;TI;1601745789;33525111299;29 Walton Alley
Knox;Wood;PP;1601746056;8580641299;29 Quincy Point
Fritz;Murray;CE;1601745471;67327203199;2880 Northridge Road
Ciaran;Marshall;PP;1601746087;5222963399;28767 Eastwood Hill
Claire;Todd;CE;1601745424;73378604599;2859 Morning Point
Mark;Brewer;CE;1601745454;69228009599;2859 Loomis Avenue
Samson;Mccall;PP;1601746046;9724482099;28504 Swallow Pass
Marsden;Poole;CE;1601745310;84631674499;283 Sutherland Circle
Vance;Salazar;PP;1601745245;90444085499;28288 Melvin Point
Ariel;Anthony;CC;1601745267;88620595899;282 Rusk Place
Emery;Stafford;PP;1601745338;82357112099;28108 Arkansas Parkway
Hermione;Mccormick;PP;1601746124;2702965799;28 Hoard Place
Kirk;Rios;CC;1601745700;43843219399;28 Center Way
Myles;Salas;CE;1601746098;4419771899;28 Bunker Hill Trail
Helen;Hahn;CC;1601745459;68607589999;28 Buhler Park
Lamar;Santiago;CC;1601746014;13252829599;28 Arizona Crossing
Fritz;Marquez;PP;1601746015;13225222599;27943 Clarendon Drive
Allegra;Logan;CC;1601745385;77531069199;278 Spenser Drive
Quail;Cotton;PP;1601745257;89371656699;277 Fairfield Circle
Joelle;Whitney;CC;1601745219;93347684099;275 Grayhawk Road
Chanda;Mcclure;PP;1601745751;37391335699;27456 Memorial Parkway
Benjamin;Gentry;PP;1601745531;60457153699;2708 Blue Bill Park Crossing
Stephen;Charles;TI;1601745921;21278282299;27 Ridgeview Plaza
Samuel;Blackwell;PP;1601746082;5775788199;27 Northport Plaza
Avram;Leblanc;CC;1601745247;90373761699;27 Macpherson Park
Deacon;Bullock;CE;1601745766;36304599199;27 Kingsford Street
Gil;Shepherd;CC;1601745532;60400318799;26969 Judy Street
Calvin;Cantu;CE;1601746122;2839975699;269 Nevada Way
Madaline;Anderson;TI;1601745579;55878602699;26874 Truax Point
Cameron;Carter;TI;1601745850;27963262899;26805 Linden Court
Florence;Cotton;CE;1601745563;57611137199;26641 Coolidge Park
Merritt;Anthony;CC;1601745439;71246342299;26340 Moulton Parkway
Dorian;Walsh;CC;1601745358;80331319299;26273 Onsgard Hill
Oliver;Strickland;CC;1601745909;21872988899;2617 Fuller Junction
Larissa;Carver;CC;1601745363;79827446999;26102 Maywood Lane
Chaney;Vance;PP;1601745712;42504092099;26 Waxwing Hill
Iliana;Morales;CC;1601746118;3208018099;26 Dwight Court
Wanda;Kidd;PP;1601745154;99821245599;2574 Clyde Gallagher Pass
Adrian;Strong;TI;1601745355;80692870599;2560 Lake View Avenue
Bryar;Cummings;PP;1601745502;63552301399;255 Carpenter Drive
Sybil;Velez;TI;1601745824;30454067999;2546 Harper Parkway
Rashad;Mueller;PP;1601745923;21245282599;25416 Farmco Hill
Guy;Howell;PP;1601745436;71374446299;254 South Center
Amal;Pickett;CC;1601745255;89490744199;25262 Corben Avenue
Nash;Ingram;TI;1601745993;14885911099;251 Hagan Terrace
Brent;Leon;CE;1601745747;37740380099;2507 Helena Way
Lyle;Ortiz;CE;1601745963;17760825599;25034 Leroy Pass
Stephanie;Eaton;CE;1601745657;47738475099;25 Sauthoff Junction
Quemby;Newman;CC;1601745198;95211442999;25 Dakota Road
Kelsie;Bowman;TI;1601745558;57913840199;25 Clyde Gallagher Way
Cade;Campos;TI;1601745549;58847310699;25 Chive Street
Hector;Adams;TI;1601745356;80463406099;2471 Everett Trail
Jin;Lowe;PP;1601745470;67458527299;2454 Mitchell Way
Orli;Richards;PP;1601745817;30918770999;245 Main Street
Maxine;Reese;CE;1601746109;3634703399;24448 Kings Place
Naida;Mooney;PP;1601745294;85760944499;241 Shopko Hill
Vanna;Mcneil;CC;1601745330;83307235499;24 Buena Vista Road
Paul;Wynn;TI;1601746061;8338396199;2396 Fisk Center
Karina;Brooks;CE;1601745552;58553207499;2390 Golf Drive
Lavinia;Aguirre;TI;1601745624;51738050699;2369 Ryan Crossing
Venus;English;CC;1601745898;23317950099;236 Westridge Street
Stella;Mccullough;CC;1601745482;65566251199;231 Grover Avenue
Briar;Kinney;TI;1601745814;31494602699;2306 Delladonna Court
Lani;Sears;CE;1601745335;82618988399;229 Manitowish Pass
Raymond;Mcpherson;TI;1601745496;63861481299;22768 Crescent Oaks Street
Griffith;Bates;CC;1601745854;27565847099;22659 Sherman Trail
Hunter;Herman;PP;1601745610;53386927299;226 Heffernan Alley
Brody;Mcmillan;CC;1601745914;21599832899;223 Duke Way
Phillip;Franco;TI;1601745542;59324385399;22 Mallard Trail
Cody;Levine;TI;1601745520;61666119399;216 Warbler Park
Ciaran;Rocha;PP;1601745281;86840012899;213 Mccormick Junction
Garrett;Conrad;CE;1601745903;22685390599;21 Crescent Oaks Road
Ali;Yates;CE;1601745796;33311195399;21 Charing Cross Trail
Malachi;Carpenter;CC;1601745452;69848670499;21 Buena Vista Crossing
Colton;Watts;TI;1601745665;47212885799;20834 Green Circle
Nathan;Snow;PP;1601745808;32301614699;20720 Kings Terrace
Devin;Gillespie;CE;1601745819;30798396499;2056 Forest Run Avenue
Eric;Cervantes;CC;1601745951;18844786399;20034 Hanson Crossing
Rigel;Hatfield;CE;1601745220;92831277899;20 Miller Road
Eleanor;Sweeney;CC;1601745664;47229499499;20 Hoffman Avenue
Wynne;Wiley;CE;1601745672;46549671599;2 Welch Trail
Omar;Gardner;PP;1601745792;33427371999;2 Veith Place
Ina;Guerra;PP;1601746088;4908072099;2 Valley Edge Plaza
Bo;Underwood;CE;1601745730;40497497799;2 Thierer Park
Zeph;Beasley;CE;1601746096;4542002799;2 Sutherland Junction
Kiona;Stone;CC;1601745791;33435114499;2 Springs Way
Timothy;Rhodes;CE;1601745457;68633473399;2 Sachtjen Park
Madonna;Livingston;CE;1601745503;63450922099;2 Rockefeller Crossing
Cairo;Galloway;CC;1601745658;47672092099;2 Ridge Oak Alley
Sara;Greene;TI;1601745644;49556353299;2 Pond Plaza
Maisie;Mccall;TI;1601745210;94220670299;2 Pierstorff Road
Hadassah;Ewing;TI;1601745200;94897071599;2 Pennsylvania Avenue
Serina;Mendez;CC;1601746075;6690195699;2 Melody Avenue
Forrest;Diaz;TI;1601746054;8673063999;2 Lake View Avenue
Nicole;Powers;PP;1601746047;9636274799;2 Katie Parkway
Steven;Lindsey;CE;1601746009;13724803599;2 Jackson Hill
Danielle;Cleveland;TI;1601745342;82257419999;2 Harper Junction
Tatyana;Ramsey;TI;1601745793;33378825499;2 Grayhawk Crossing
Xena;Nielsen;TI;1601746041;10436667899;2 Evergreen Alley
Aphrodite;Key;PP;1601745438;71251056799;2 Dennis Terrace
Brent;Mercado;TI;1601745190;96283009199;2 Bartelt Drive
Callum;Bauer;PP;1601745904;22646464599;19929 Center Hill
Nathan;Byers;CE;1601745864;26524815999;19888 Basil Terrace
Bevis;Rogers;CC;1601745434;72324582699;19753 Little Fleur Road
Lewis;York;CC;1601745423;73390377199;1975 Village Pass
Kennedy;Cooke;CE;1601745284;86705012699;19712 Debs Center
Ariel;Jacobs;CE;1601745699;43876752799;19654 Hoepker Avenue
Dominique;Hanson;CC;1601745745;38233599099;19467 Rigney Pass
Felicia;Gaines;CE;1601745578;56275296299;1936 Meadow Vale Court
Brenda;Langley;TI;1601746010;13708644699;1935 Roth Way
Kuame;Lyons;TI;1601745236;90998986799;19002 Toban Street
Shoshana;Branch;CE;1601745581;55851180799;19 Gateway Avenue
Lenore;Peters;CE;1601745803;32583688399;19 Division Alley
Ignatius;Kemp;PP;1601745214;93666274599;184 Glacier Hill Hill
Sonya;Giles;CC;1601745494;63901830999;183 Valley Edge Circle
Xerxes;Coffey;CC;1601745940;19689998699;1823 Gulseth Junction
Iris;Ashley;CE;1601745456;68843202899;18 Prairie Rose Street
Nomlanga;Hensley;CE;1601745780;34212900899;18 Mosinee Lane
Julie;Valentine;TI;1601745731;39970055299;178 Upham Drive
Yuli;Finley;PP;1601745818;30807537299;177 3rd Park
Zephr;Tucker;CE;1601745866;26460012499;176 Bay Way
Quail;Horne;PP;1601746005;13937402499;1753 Utah Park
Igor;Meyer;PP;1601746013;13418844099;1694 Lien Crossing
Claire;Tyson;CC;1601746128;2366243399;16825 Westridge Point
Otto;Hyde;PP;1601745431;72704949099;168 Artisan Pass
Echo;Randolph;PP;1601746043;10242891399;1679 Sycamore Crossing
Remedios;Holland;CE;1601745889;23761080399;16765 Sauthoff Point
Xaviera;Kinney;CE;1601745467;67803666899;1671 Carberry Court
Yoshio;Lyons;TI;1601745585;55201162999;1611 Anderson Circle
Nola;Lara;TI;1601745616;52783131899;16063 Elka Plaza
Derek;Bender;PP;1601746147;548475099;160 Northport Court
Yvonne;Franklin;PP;1601745165;98716512299;16 Pine View Crossing
Preston;Mejia;TI;1601745560;57889940999;16 5th Way
Ahmed;George;PP;1601745997;14635299599;157 Eastlawn Terrace
Tanek;Watts;TI;1601745589;54921328699;1537 Farmco Terrace
Tamekah;Levy;CE;1601745522;61290834099;15357 Maryland Pass
Mohammad;Zamora;CC;1601745785;33790897599;15258 Westridge Trail
Josiah;Callahan;TI;1601745855;27502192799;1516 Annamark Crossing
Arthur;Skinner;CE;1601745778;34645336799;15127 Westerfield Way
Lacota;Browning;CC;1601745538;59651233099;149 Crownhardt Hill
Tyrone;Day;PP;1601745374;78898295899;148 Dennis Trail
Noah;Morrow;TI;1601745655;48239602099;1466 Northport Circle
Christen;Marks;CC;1601745605;53656411599;145 Corscot Lane
Moses;Witt;CC;1601746101;4317801899;143 Hovde Terrace
Maxwell;Riddle;PP;1601745202;94747139699;14 Mcbride Drive
Tad;Norman;TI;1601746150;371943999;139 Stang Circle
Whoopi;Cummings;PP;1601745174;97651623799;13785 Monica Junction
Orli;Fitzgerald;CC;1601746052;8903693299;13602 Center Terrace
Camilla;Goodman;CC;1601745566;57451247699;1351 Esch Lane
Charity;Mcfarland;CC;1601745717;42283636499;1314 Bultman Terrace
Ann;Kelley;PP;1601745486;65269976999;131 Maywood Lane
Daryl;Mullins;CC;1601745417;73773999899;13 Onsgard Place
Amber;Wolfe;TI;1601745553;58538407499;13 Karstens Crossing
Hedy;Lowe;CC;1601745947;19233438399;12956 Hanson Plaza
Blythe;Cain;CC;1601745711;42592393999;128 Commercial Hill
Fredericka;Weeks;CC;1601745584;55474301799;12758 Valley Edge Place
Priscilla;Mason;CC;1601745418;73757300499;127 Rockefeller Road
Simon;Holmes;CC;1601745693;44652773999;127 Namekagon Terrace
Keiko;Carson;CE;1601746016;13214097599;123 Texas Center
Kenneth;Hess;PP;1601745980;16275840699;1218 Oriole Point
Plato;Fisher;TI;1601745621;51824722399;1210 Prairieview Trail
Uriah;Bray;TI;1601745732;39932416599;12 Montana Avenue
Ocean;Murray;PP;1601746062;8311393599;12 Lillian Plaza
Mollie;Sweeney;CE;1601745802;32651804099;1166 Dawn Junction
Emi;Wiley;PP;1601745931;20338469699;11611 Atwood Plaza
Nichole;Dunn;PP;1601746035;11261100099;11513 Starling Park
Igor;Christian;CE;1601745758;36783428799;115 Mayer Trail
Tanya;Floyd;CC;1601746004;14245328699;11397 Merrick Way
Dominique;Curry;TI;1601745917;21498206599;1113 Alpine Trail
Heather;Austin;CE;1601745217;93376437599;11088 Blue Bill Park Center
Brianna;Park;CC;1601745653;48314454499;110 Grover Junction
Hannah;Perkins;PP;1601745826;30258853899;11 Muir Crossing
Martina;Lyons;CC;1601745483;65547079199;11 Dixon Parkway
Callum;Mooney;PP;1601745851;27876292799;1067 Lake View Trail
Isadora;Ferguson;CE;1601745739;39212606399;10628 Grim Hill
Leilani;Grant;PP;1601745302;85422167399;1040 Hoepker Place
Lani;Best;CE;1601745568;57334906699;1034 Forest Run Hill
Armand;Phelps;CE;1601745880;24841532799;101 Meadow Ridge Place
Sophia;Kim;PP;1601746149;407004099;1006 La Follette Point
Libby;Snow;PP;1601745862;26896916799;1000 Mandrake Alley
Quynn;Hall;TI;1601745856;27461956299;100 Paget Drive
Boris;Burks;PP;1601745444;70826680899;10 Thompson Park
Eric;Montgomery;PP;1601745353;80809249599;10 Sunbrook Drive
Benedict;Weber;PP;1601745811;31785367799;10 Sommers Point
Charles;Merrill;CC;1601745799;32738821999;10 Lunder Alley
Alden;Lane;PP;1601745170;97963084099;10 Gina Parkway
Libby;Spence;TI;1601745988;15613138299;10 Charing Cross Alley
Alvin;Pugh;CC;1601745932;20315679899;1 Westend Alley
Cora;White;TI;1601746029;12388130399;1 Tennessee Terrace
Daniel;Phelps;CE;1601745309;84658113399;1 Straubel Drive
Yoko;Donovan;CE;1601745345;81807734499;1 Starling Junction
Jerry;Carver;TI;1601745636;50518808399;1 Shasta Avenue
Maxwell;Cherry;TI;1601745567;57396019799;1 Russell Road
Nolan;Harper;CC;1601745296;85632534499;1 Rockefeller Parkway
Merrill;Stark;TI;1601745463;68255495399;1 Quincy Lane
Raven;Hampton;CE;1601745740;38757261299;1 Pepper Wood Parkway
Elliott;Chambers;TI;1601745273;87907831399;1 Northport Place
Nigel;Gray;PP;1601745961;17843465699;1 Nelson Point
Scott;Hayden;CC;1601745435;72222167299;1 Melby Hill
Xantha;Gomez;PP;1601745464;67889731299;1 Jay Parkway
Hoyt;Hendrix;CC;1601746022;12716289199;1 Hoard Avenue
Olympia;Rowland;CE;1601745156;99510558499;1 Golden Leaf Circle
Brian;Woodard;CE;1601745218;93365487399;1 Fuller Point
Laith;Hicks;CE;1601745428;72853315599;1 Doe Crossing Center
Chelsea;Vincent;CC;1601745853;27587257899;1 Debs Lane
Gil;Sargent;TI;1601745858;27328619399;1 Chinook Lane
Brittany;Diaz;CE;1601746053;8807797699;1 Blackbird Court
Martina;Mckenzie;CE;1601745271;87923852199;1 Bashford Point
Asher;Saunders;TI;1601745272;87912709299;1 Aberg Park
Kylee;Ryan;CC;1601745786;33720926299;09445 Grayhawk Park
Eleanor;Campos;CE;1601745661;47422830899;094 Sundown Parkway
Cherokee;Giles;TI;1601745481;65897907899;0930 Golf View Avenue
Salvador;Merritt;PP;1601745411;74930845599;09288 Ryan Circle
Jakeem;Pittman;CE;1601745647;48961098599;09284 Florence Point
Olympia;Conrad;TI;1601746135;1809053399;0926 Redwing Center
Ocean;David;CC;1601745827;29930753899;0924 Fisk Place
Nell;Wolfe;CE;1601745390;76951798499;09141 Pankratz Pass
Gemma;Lopez;CE;1601745543;59273435799;0903 Oak Valley Park
Nora;Cannon;TI;1601745950;18851743099;09 Maple Wood Drive
Hayley;Klein;CC;1601745756;36852927399;09 Calypso Road
Orlando;Ortiz;PP;1601745933;20252245299;0878 Burning Wood Trail
Macaulay;Gould;PP;1601745232;91740643099;08653 Hoepker Lane
Amir;Matthews;PP;1601745942;19632779399;08602 Porter Point
Tashya;Byrd;CC;1601745240;90771461099;0854 Bunker Hill Avenue
Cora;Thomas;TI;1601745596;54420608499;08523 School Point
Roanna;Sharp;CC;1601746127;2389622099;0823 Springs Point
Oleg;Schultz;TI;1601745508;62884053699;0808 Daystar Road
Hayden;Kline;CC;1601745191;96209297999;08 Farwell Avenue
Colette;Gutierrez;CE;1601745627;51533414299;08 Esker Road
Graiden;Mccray;CC;1601745841;28787891599;078 Elmside Junction
Kieran;Mcdonald;TI;1601745994;14763160199;074 Utah Road
Karyn;Casey;CC;1601745393;76683384699;0734 Fairfield Drive
Jordan;Chapman;PP;1601745779;34423897999;07287 Morning Court
Brock;Carrillo;CE;1601745990;15519129899;07163 Clemons Lane
Charlotte;Raymond;PP;1601745409;75557623499;0715 Waxwing Parkway
Priscilla;Barnes;CE;1601745677;46369504099;07 Lunder Place
Kristen;Butler;PP;1601745453;69531784899;07 Little Fleur Lane
Walker;Taylor;CE;1601745936;19917432299;069 Oxford Drive
Sandra;Barton;CC;1601745530;60462022699;0684 Roth Hill
Xanthus;Tucker;TI;1601745491;64400872599;0680 Lyons Crossing
Ruby;Rodgers;CC;1601745366;79600996899;0669 Prairie Rose Lane
Myra;Jefferson;CC;1601745315;84486941599;065 Anniversary Lane
Chanda;Vang;CE;1601745654;48284779799;063 Nova Terrace
Fay;Robinson;PP;1601745659;47559645399;06258 High Crossing Drive
Fuller;Morales;CC;1601745771;35701665799;06 Service Place
Aidan;Kerr;TI;1601745340;82309700999;06 Corscot Drive
Aristotle;Good;CE;1601745556;57956891399;059 Harbort Point
Beau;Jackson;TI;1601745269;88470461999;05613 Green Way
Lenore;Adkins;CC;1601745606;53559502899;05521 Sundown Drive
Kessie;Santana;PP;1601745949;18937373099;054 Mayfield Road
Nissim;Boone;CC;1601745258;89360729099;054 Darwin Way
Samantha;Gardner;CC;1601745805;32469196199;0525 Spaight Place
Akeem;Cash;CC;1601745649;48612025899;05 Manitowish Hill
Ariana;Mullins;CC;1601745357;80370625499;05 Doe Crossing Street
Nita;Mathis;CC;1601745790;33518698299;05 Cambridge Drive
Lydia;Whitley;CE;1601745986;15703281099;0493 Mcbride Terrace
Ursula;Sharp;CC;1601745719;42227916499;04472 Nova Crossing
Nola;Cherry;CE;1601745899;23304698499;0444 David Parkway
Nelle;Valenzuela;TI;1601745375;78878695199;044 Milwaukee Parkway
Nathan;Garcia;TI;1601745895;23377063999;044 Commercial Crossing
Jada;Roach;TI;1601745228;92352208399;0408 Anniversary Court
Hiram;Hardin;CE;1601745574;56558848099;04 Mockingbird Parkway
Hakeem;Fields;CC;1601746025;12654187699;04 John Wall Park
Whitney;Robinson;PP;1601745172;97734530799;04 Basil Pass
Carl;Kane;PP;1601745753;36989780299;0398 Warbler Plaza
Dale;Oneal;CE;1601745861;26999802199;03812 Scofield Plaza
Robin;Allison;TI;1601745604;53669444499;03744 Merrick Center
Allen;Spears;TI;1601746069;7507134499;036 Porter Drive
Jana;Webster;CC;1601745548;58865866399;0342 Tony Way
Addison;Hayes;TI;1601745705;43394172199;03 Red Cloud Street
Quynn;Weber;CC;1601745551;58707351299;03 Ohio Road
Indigo;Santos;TI;1601746143;990761099;02792 Everett Center
Reese;Rollins;PP;1601746100;4350107599;026 Everett Parkway
Noble;Horne;TI;1601746094;4633432899;0240 Sunnyside Center
Charde;Combs;PP;1601746141;1307888999;0228 Loomis Trail
Jonah;Merrill;TI;1601746042;10412648999;02 Mallard Lane
Orlando;Holmes;CC;1601745743;38264087799;02 American Trail
Abdul;Stuart;CC;1601745458;68614989599;0172 American Ash Parkway
Julie;Freeman;CE;1601745886;23925620199;016 Quincy Place
Oliver;Hayden;TI;1601746099;4372470399;01394 Roxbury Plaza
Kane;Lester;PP;1601745846;28420335099;0130 Arapahoe Road
Xanthus;Nieves;CC;1601745957;18470989699;0123 Grover Street
Keaton;Joseph;TI;1601745161;99218205199;01 Shopko Crossing
Cassandra;Haynes;CC;1601746026;12637145199;01 8th Avenue
Audra;Chavez;CC;1601746017;12973668499;00949 New Castle Road
Karen;Mosley;CC;1601745905;22473556099;005 Roth Circle
Lara;Oneal;CC;1601745199;94976447099;00 Longview Park
Jocelyn;Owen;TI;1601745868;26426259799;0 Victoria Place
Brandon;Sutton;TI;1601745806;32438376999;0 Tomscot Way
Brynne;Landry;PP;1601745954;18742034099;0 Tennyson Avenue
Noel;Floyd;CE;1601745615;52893046499;0 Talisman Plaza
Zachary;Lowery;CC;1601746040;10571049999;0 Stuart Drive
Dominic;Zimmerman;CC;1601746045;9864940999;0 Stephen Center
Ivory;Burch;TI;1601746106;3762864199;0 Starling Center
Allegra;Dillard;PP;1601745679;46246713199;0 Sommers Plaza
Clinton;Bryan;CC;1601745535;60227845599;0 Oak Valley Road
Timothy;Velasquez;CE;1601745650;48542531099;0 Jenna Avenue
Kirk;Humphrey;CC;1601745642;49749565199;0 Iowa Lane
Andrew;Hicks;TI;1601745412;74875901699;0 Hayes Hill
Yuri;Flynn;PP;1601745277;87304194999;0 Di Loreto Pass
Reuben;Guerra;CE;1601745614;53301561199;0 Delaware Lane
Simone;Gilliam;CE;1601745550;58795372399;0 Corscot Pass
Elvis;Morris;CE;1601746066;7920495899;0 Arizona Circle
Wallace;Massey;TI;1601745275;87639790899;0 Anderson Hill
